INSERT INTO userbase (userID, password, email, phoneNumber, apiKey) VALUES (1, 'xJw30Y6$_R@c', 'drew9119@gmail.com', '011000001', 'b9b2aca832a07f68fd5e55b180de22f41a9ce2b62d3172a4');
INSERT INTO userbase (userID, password, email, phoneNumber, apiKey) VALUES (2, '4kDh6aB&CLn%', 'morgan8446@gmail.com', '011000002', '733472cf68c2883ae9ca39fa2c74e9c5509284e1563e81c5');
INSERT INTO userbase (userID, password, email, phoneNumber, apiKey) VALUES (3, ')wM(^k%8QNNO', 'jamie8057@gmail.com', '011000003', '9cb00ec5ae743355ecd4dbf978d920afac5aea42deed16e9');
INSERT INTO userbase (userID, password, email, phoneNumber, apiKey) VALUES (4, 'bYaH0+tG4IPd', 'taylor7674@gmail.com', '011000004', 'c0e4aa2bfa85b6302ee9313ef8c1fca8cbcd31d35a5e578a');
INSERT INTO userbase (userID, password, email, phoneNumber, apiKey) VALUES (5, 'Rrzl5I0iH)dn', 'taylor9764@gmail.com', '011000005', '6b15d9648e2633dcf96546e04471b740eff2fba73ae67553');
INSERT INTO userbase (userID, password, email, phoneNumber, apiKey) VALUES (6, 'UknLVgE8O9h$', 'reese3341@gmail.com', '011000006', '925348bef9ffb4599e21fa1a0618118468d065ebb670e648');
INSERT INTO userbase (userID, password, email, phoneNumber, apiKey) VALUES (7, '+sMztlX@+7B6', 'morgan7286@gmail.com', '011000007', 'e0074b8c36e771bcbef54ef65b02f51c3afc9620f99342cc');
INSERT INTO userbase (userID, password, email, phoneNumber, apiKey) VALUES (8, 'dPy2@9cF30hH', 'morgan9719@gmail.com', '011000008', 'cb21ed766a3b813b8767c633f1fa04b607223fa5643936b2');
INSERT INTO userbase (userID, password, email, phoneNumber, apiKey) VALUES (9, 'A@6lOC@N0Y_*', 'chris9383@gmail.com', '011000009', '88cc12c66fc4a1f8a553e91b8a78a02424379542adbb9e3e');
INSERT INTO userbase (userID, password, email, phoneNumber, apiKey) VALUES (10, 'dcRA@sR!9+9j', 'taylor9838@gmail.com', '011000010', '7d5f4b4a161163de0a22410d8bd21d940b43e7f00d108897');
INSERT INTO userbase (userID, password, email, phoneNumber, apiKey) VALUES (11, 'SOKJ&ykkOdU4', 'taylor7896@gmail.com', '011000011', 'c2b06b35e983d54acc302a233eb4090cbbb4922a4e7c649e');
INSERT INTO userbase (userID, password, email, phoneNumber, apiKey) VALUES (12, '*Uuoo)bqd03J', 'drew3018@gmail.com', '011000012', 'ae57297ffdd4a352c3804675228165d5ad21e711261ae39d');
INSERT INTO userbase (userID, password, email, phoneNumber, apiKey) VALUES (13, 'CtpSp)f$2ClB', 'drew3517@gmail.com', '011000013', '9397e4d0bf9f0a51f52ed87ceaefc78225eb5b760f57eb66');
INSERT INTO userbase (userID, password, email, phoneNumber, apiKey) VALUES (14, 'zu94FHM(+VxE', 'taylor7894@gmail.com', '011000014', 'edc4c45f13a322ca062dbbaf6749d08742359854e695db36');
INSERT INTO userbase (userID, password, email, phoneNumber, apiKey) VALUES (15, '1$taVdh87xR6', 'devon8991@gmail.com', '011000015', '386455ca12e820175250c37e694dd71020b96e641624310a');
INSERT INTO userbase (userID, password, email, phoneNumber, apiKey) VALUES (16, '&3D@BgzCQDma', 'jordan4946@gmail.com', '011000016', '0232c71da1431d77fff5724b1d6f33bab3ea8e38cc6def49');
INSERT INTO userbase (userID, password, email, phoneNumber, apiKey) VALUES (17, '@V@_QbFCmi2h', 'taylor1551@gmail.com', '011000017', '3cc74f71cc2cadaa451fa30a13da128646c6c5c052051c31');
INSERT INTO userbase (userID, password, email, phoneNumber, apiKey) VALUES (18, '#CGeIc7sqe#D', 'alex2415@gmail.com', '011000018', 'a1a0558b1718dcc671232a44b22a33ab28869b1bbd9e340c');
INSERT INTO userbase (userID, password, email, phoneNumber, apiKey) VALUES (19, 'KN7CmcP^hE8K', 'drew8801@gmail.com', '011000019', 'efea498dd2b2ed60954e46ae265fe8d2991501249a283a92');
INSERT INTO userbase (userID, password, email, phoneNumber, apiKey) VALUES (20, '#d+4E*lJnhau', 'jordan4439@gmail.com', '011000020', '48be1b60a4c6510ed6c42aeab2689cafc9cff95772bace6e');
INSERT INTO userbase (userID, password, email, phoneNumber, apiKey) VALUES (21, 'ZCX_Mug0mzez', 'casey5177@gmail.com', '011000021', '00d525b6cb1e63ac318a130434a204bafdbdbf5c5320e4ae');
INSERT INTO userbase (userID, password, email, phoneNumber, apiKey) VALUES (22, '_u+9spYRdXb_', 'reese6222@gmail.com', '011000022', 'ea5aab937658050bf8281329a04d46107f272e6bcea81303');
INSERT INTO userbase (userID, password, email, phoneNumber, apiKey) VALUES (23, '4Hw^$BI9ql1G', 'casey4785@gmail.com', '011000023', 'da6b337376f5c226646aefa68a0f284e330bdba0d936cea3');
INSERT INTO userbase (userID, password, email, phoneNumber, apiKey) VALUES (24, 'XzcD+40^@Hhf', 'casey2019@gmail.com', '011000024', '2ecd22aa1f2f9252d9689d9f43dffff3d48d04bf9448561b');
INSERT INTO userbase (userID, password, email, phoneNumber, apiKey) VALUES (25, 'XkEz8iY@K)fH', 'jordan5711@gmail.com', '011000025', '1572236e42d60888a98f6d60d1a12ea761be5c10d685e54c');
INSERT INTO userbase (userID, password, email, phoneNumber, apiKey) VALUES (26, '$Sv8ia$&U0fY', 'morgan2636@gmail.com', '011000026', 'f456367049deecbee34f993d68861f71c98b9e1ad6343ac2');
INSERT INTO userbase (userID, password, email, phoneNumber, apiKey) VALUES (27, 't5@!gPzMkJXQ', 'alex9159@gmail.com', '011000027', '4bd6cc704bb9c777beeaf0c971e43d6826240a8a324b9246');
INSERT INTO userbase (userID, password, email, phoneNumber, apiKey) VALUES (28, '%C3C^f%(PMv*', 'devon6354@gmail.com', '011000028', 'b3af8b30daf146ec90699b5d6852c87fadb2161825b99c9b');
INSERT INTO userbase (userID, password, email, phoneNumber, apiKey) VALUES (29, '4hEOyZ&dAe+D', 'casey7539@gmail.com', '011000029', '9258dc8432db8c131ff079f0884266e0181c0a3583a53a34');
INSERT INTO userbase (userID, password, email, phoneNumber, apiKey) VALUES (30, 'fuVl4vgba^)7', 'taylor5459@gmail.com', '011000030', 'c83b6c4f81f4b2e7898f4b07d8132c436271899786133cff');
INSERT INTO userbase (userID, password, email, phoneNumber, apiKey) VALUES (31, '2RW(6fL3T9jA', 'reese7943@gmail.com', '011000031', '21375b9813636d992eb3aea0aa2bbfff77a169eeeb332bcb');
INSERT INTO userbase (userID, password, email, phoneNumber, apiKey) VALUES (32, 'qPX)qo$3i*WW', 'morgan3516@gmail.com', '011000032', '974a5253df98e7e4cc9420e69dc6f65d50faf59bf51c1044');
INSERT INTO userbase (userID, password, email, phoneNumber, apiKey) VALUES (33, 'dO2ucp@YH1AO', 'alex5506@gmail.com', '011000033', 'a50a1708bc81c5a12e2209ac0fedec6650702d07362df3b7');
INSERT INTO userbase (userID, password, email, phoneNumber, apiKey) VALUES (34, '6z$*veiyRnvW', 'drew5952@gmail.com', '011000034', 'e6619f95f8d953ccba6c50730b335c83eee2d46357cda851');
INSERT INTO userbase (userID, password, email, phoneNumber, apiKey) VALUES (35, '%*6oNfdGIwO6', 'chris4141@gmail.com', '011000035', '8fd7ec28a1e21a377af843bf5da9ceb8f2895ae781b6e11a');
INSERT INTO userbase (userID, password, email, phoneNumber, apiKey) VALUES (36, 'ARsj%9JA$V3R', 'morgan9794@gmail.com', '011000036', 'bae38651866c28c59b383f315cf4374029289c9aab1a7a24');
INSERT INTO userbase (userID, password, email, phoneNumber, apiKey) VALUES (37, '&%je+G1E+Slp', 'jordan2089@gmail.com', '011000037', '412b83d90b3d1ae175ee04576793321e26661d3d3e4ff0bf');
INSERT INTO userbase (userID, password, email, phoneNumber, apiKey) VALUES (38, '!&_I_u279+yX', 'casey5181@gmail.com', '011000038', '3285d9b2bd4095931b4c6d9153d04c1ce461a2da03f6e205');
INSERT INTO userbase (userID, password, email, phoneNumber, apiKey) VALUES (39, 'r$W$b0rDPd!t', 'taylor5886@gmail.com', '011000039', '922a696a289e444d0f49bfdcca941a5f826c42ed12d21c2f');
INSERT INTO userbase (userID, password, email, phoneNumber, apiKey) VALUES (40, 'Ord4%@eCDTtB', 'morgan5596@gmail.com', '011000040', '3783fd38d2c3702974806ad476321ba737595c030422ee11');
INSERT INTO userbase (userID, password, email, phoneNumber, apiKey) VALUES (41, 'ktk8@uxy_pzK', 'taylor2235@gmail.com', '011000041', '9be0178dc35aa6eb5232ae7553fc3b547d4e08bc9dbf9e81');
INSERT INTO userbase (userID, password, email, phoneNumber, apiKey) VALUES (42, '8N^qEu&XuRAW', 'devon2494@gmail.com', '011000042', 'ebbc49c8bf1dba7fa3eee99b7418d4df0875c16b69b47036');
INSERT INTO userbase (userID, password, email, phoneNumber, apiKey) VALUES (43, 'jtFB@!pVj2jG', 'jamie7853@gmail.com', '011000043', '1c5daa6068259085bf60debc4cb3f9e916ab99be12ec5e1e');
INSERT INTO userbase (userID, password, email, phoneNumber, apiKey) VALUES (44, '0VDM(IGmWgvd', 'drew4023@gmail.com', '011000044', '9eb8cd7d622c0ad3301af4a5859ce245dd181465eaa6cd39');
INSERT INTO userbase (userID, password, email, phoneNumber, apiKey) VALUES (45, 'h2aBy)naXVOL', 'reese8431@gmail.com', '011000045', '5e3dff5a95bc2310942c36d301a137f91ea3ebaacf41e5c3');
INSERT INTO userbase (userID, password, email, phoneNumber, apiKey) VALUES (46, 'T4W!qRAAX_rj', 'morgan4154@gmail.com', '011000046', '7722c027ccc3f582bd600e63cfdb9cd7b16f4d141b117b03');
INSERT INTO userbase (userID, password, email, phoneNumber, apiKey) VALUES (47, '**Ue6GYzGfG3', 'jamie4619@gmail.com', '011000047', 'dbf647cc082553d1ce0f03439393dfdf33284cd60cd04247');
INSERT INTO userbase (userID, password, email, phoneNumber, apiKey) VALUES (48, 'D!t9(2PN+AMg', 'devon7710@gmail.com', '011000048', 'fc50ad5d6341ce83ebe1d9281a365ec99abc69876ffdd3ef');
INSERT INTO userbase (userID, password, email, phoneNumber, apiKey) VALUES (49, '4@1hMci&yac$', 'reese8235@gmail.com', '011000049', '025c8eabc7a8b6a399455dde885587639d2b43924c5884de');
INSERT INTO userbase (userID, password, email, phoneNumber, apiKey) VALUES (50, 'jcUGlHhm5e)f', 'chris9869@gmail.com', '011000050', '312f0b4223ebe28f0723a447a50468dbd10a54cdae4c9acd');
INSERT INTO userbase (userID, password, email, phoneNumber, apiKey) VALUES (51, 'VAQavBbP7%&8', 'drew4095@gmail.com', '011000051', '7288e899d616c3e10998d3a4806ac16addf94678322db073');
INSERT INTO userbase (userID, password, email, phoneNumber, apiKey) VALUES (52, 'PKrs^bToH5Vu', 'devon9778@gmail.com', '011000052', '98e6484b81dd34d39a13392c7fc54691ddb9ea7ed9edc673');
INSERT INTO userbase (userID, password, email, phoneNumber, apiKey) VALUES (53, '4H3Y)UxvxJr4', 'taylor3260@gmail.com', '011000053', 'b0496f6f08fd241b0c63d50d6556698a35556e1a59864dc8');
INSERT INTO userbase (userID, password, email, phoneNumber, apiKey) VALUES (54, 'vUCoGCQn!H6_', 'chris3422@gmail.com', '011000054', 'b5b97983aa80803ca7dff706f05bdfaa7c0d84ecf8570d75');
INSERT INTO userbase (userID, password, email, phoneNumber, apiKey) VALUES (55, 'Zympa#t+s)z6', 'casey7490@gmail.com', '011000055', 'dfcd387cbbb9156f301c4ca4abc81dff3e41ec070f98ad55');
INSERT INTO userbase (userID, password, email, phoneNumber, apiKey) VALUES (56, 'nexugN5lZ7%B', 'drew1029@gmail.com', '011000056', '234aca0f3d0b826511baecdf2cb5e4a6985ac38279931857');
INSERT INTO userbase (userID, password, email, phoneNumber, apiKey) VALUES (57, '@nPbaTOnW3I@', 'casey1885@gmail.com', '011000057', 'f26d689393923fb301311e61d265e078cf146382d51e193c');
INSERT INTO userbase (userID, password, email, phoneNumber, apiKey) VALUES (58, 'ygVe#t2Se9T@', 'taylor9102@gmail.com', '011000058', '5c9338181c9e1ce8984cae2fcc48f70bf58771640742e77e');
INSERT INTO userbase (userID, password, email, phoneNumber, apiKey) VALUES (59, 'Z4_&IEzY3wIK', 'reese3728@gmail.com', '011000059', 'cbe35e6a7bfc247354fb5919ef3f2b9e3ec1b7dcdcd4bfbc');
INSERT INTO userbase (userID, password, email, phoneNumber, apiKey) VALUES (60, 'CUXJua&+C6OE', 'reese9746@gmail.com', '011000060', '9e9d07e1abd0bf9bd8d9a41ed7ea3b65dc633573a1292721');
INSERT INTO userbase (userID, password, email, phoneNumber, apiKey) VALUES (61, 'iEaB3E*a$8^8', 'drew9734@gmail.com', '011000061', '38c93d36109bfb01c0d1753ed0e6e9d5dee04986753da4cd');
INSERT INTO userbase (userID, password, email, phoneNumber, apiKey) VALUES (62, '6yKCgX@W6^)L', 'taylor5362@gmail.com', '011000062', '4c15849617d956a34527045fdbeeff3e4f13b416afdcf41b');
INSERT INTO userbase (userID, password, email, phoneNumber, apiKey) VALUES (63, 'G(BgXG(je2Lm', 'taylor4389@gmail.com', '011000063', '584f9014340930a1ff39ec2f9f808afdf25638ebc948b4c9');
INSERT INTO userbase (userID, password, email, phoneNumber, apiKey) VALUES (64, 'hZ#_aSlk2*A(', 'drew1558@gmail.com', '011000064', '8b41a6e3f5a56a54636e402f220786bbb33ffdb6a5b67d0e');
INSERT INTO userbase (userID, password, email, phoneNumber, apiKey) VALUES (65, 'S0NIYhnCv+GB', 'jordan8585@gmail.com', '011000065', '38ce99bf1e6fbb60f4f6d0ca8efbbb6d9d5ae0d338eaa6a4');
INSERT INTO userbase (userID, password, email, phoneNumber, apiKey) VALUES (66, '!&dL4HkkHBAh', 'alex1280@gmail.com', '011000066', 'ca9ab12df73ce64848c7ed2cfceaff205afd1162a19e083a');
INSERT INTO userbase (userID, password, email, phoneNumber, apiKey) VALUES (67, 'AlIjx8P$wHS(', 'taylor8673@gmail.com', '011000067', 'bc7c0ce7a91c26c9cb3524bae825bda3d315891c4a1b4b80');
INSERT INTO userbase (userID, password, email, phoneNumber, apiKey) VALUES (68, 'qLZl&EIy0C^z', 'drew5443@gmail.com', '011000068', '833327e45b9d14c8d6f395115f7e3cd60ebfeb222ed1e74d');
INSERT INTO userbase (userID, password, email, phoneNumber, apiKey) VALUES (69, 'S#SOa4c9kD!1', 'jamie8703@gmail.com', '011000069', '4b91f062ecfd190cb79b04cc9efaa56fdf4fa46ab724f673');
INSERT INTO userbase (userID, password, email, phoneNumber, apiKey) VALUES (70, 'oTW^S&d7mtrl', 'casey2671@gmail.com', '011000070', 'f93a1849c9b30096fa6b35bf8f0b5b2ace61cc853777ab86');
INSERT INTO userbase (userID, password, email, phoneNumber, apiKey) VALUES (71, 'kNh9uH0^$D95', 'reese6436@gmail.com', '011000071', '540c9f6f5992627dc0f56ff825a30c74ec510e2550124e2a');
INSERT INTO userbase (userID, password, email, phoneNumber, apiKey) VALUES (72, 'e0N_Ud)fntGn', 'reese3365@gmail.com', '011000072', '971e5fa12d44d7076e8d1efecb2a02576d24cd39dd8ff526');
INSERT INTO userbase (userID, password, email, phoneNumber, apiKey) VALUES (73, 'x_G^0pQDzAM8', 'morgan1988@gmail.com', '011000073', 'f28b6b921a7ab646c811d50ba59063a5a3e06be6980a5b8b');
INSERT INTO userbase (userID, password, email, phoneNumber, apiKey) VALUES (74, 'H)01hTL$)oLs', 'jamie9211@gmail.com', '011000074', '4276d6f79e5f33b3e129edd4744563e0aa0ee30c507f4bf4');
INSERT INTO userbase (userID, password, email, phoneNumber, apiKey) VALUES (75, 'E_dXzIcd2wn!', 'alex9306@gmail.com', '011000075', '1a31e5541025f929792282cbf3d1cf2891b95ebd1a5f5197');
INSERT INTO userbase (userID, password, email, phoneNumber, apiKey) VALUES (76, 'i24x^Aho!9Sf', 'casey4115@gmail.com', '011000076', 'c0bead42b2d15658939450833b2b8ac5628e693f599a8b19');
INSERT INTO userbase (userID, password, email, phoneNumber, apiKey) VALUES (77, 'IkDwM2NX9lr^', 'devon8528@gmail.com', '011000077', 'c5ef3747f0a9112dd93580d5ced3da3456863081cb2b3a27');
INSERT INTO userbase (userID, password, email, phoneNumber, apiKey) VALUES (78, 'jvI5Om75iWb(', 'reese8470@gmail.com', '011000078', '27b6bd1625aaa55631322e5cf1b630565cf9c84188f2c1f3');
INSERT INTO userbase (userID, password, email, phoneNumber, apiKey) VALUES (79, '_5bjNsmgO8Z8', 'drew5286@gmail.com', '011000079', '618f745cb9c9012aa90499c83661b2043f5b8bf9915f581a');
INSERT INTO userbase (userID, password, email, phoneNumber, apiKey) VALUES (80, '1)8BgQPUs8pQ', 'casey8965@gmail.com', '011000080', 'aae1a7dc3237eb7bf18fca18d2f88d76bf4b09b96fc4392f');
INSERT INTO userbase (userID, password, email, phoneNumber, apiKey) VALUES (81, '5t%*ilo)5tHv', 'casey1912@gmail.com', '011000081', 'e63d0ecb2d7c1434f07f8b3591a97c52b1ff760a16d79298');
INSERT INTO userbase (userID, password, email, phoneNumber, apiKey) VALUES (82, 'OE!E3+$C^eDy', 'morgan4483@gmail.com', '011000082', '9b0fe75a72fb8200c7841f0dd6c8f6c8e7d0ae881023ba34');
INSERT INTO userbase (userID, password, email, phoneNumber, apiKey) VALUES (83, 'xw!V(Bf0f&Oj', 'casey7645@gmail.com', '011000083', '190a22d2f2d792c842a458125f8a3af69aee3da05df83969');
INSERT INTO userbase (userID, password, email, phoneNumber, apiKey) VALUES (84, '!XM$o94(th&M', 'jordan3098@gmail.com', '011000084', '39062b000f38c29f6b7666501d9ece17efd876b6e7239d35');
INSERT INTO userbase (userID, password, email, phoneNumber, apiKey) VALUES (85, 'pfMq25Vt_geq', 'alex4492@gmail.com', '011000085', 'd224cbef7cb6cebb63198a071ef600e7b54203bcf2fe68f0');
INSERT INTO userbase (userID, password, email, phoneNumber, apiKey) VALUES (86, 'y5HDaoFZ!J3x', 'jamie5523@gmail.com', '011000086', 'e3d3fa2a29efa6953bca3e8b08bcac9a771992b916338ead');
INSERT INTO userbase (userID, password, email, phoneNumber, apiKey) VALUES (87, 'Q%$WyyQY0$wD', 'taylor8577@gmail.com', '011000087', '95560b97fd7a1ec690b198cab2e29759f7af57ac9ff33da7');
INSERT INTO userbase (userID, password, email, phoneNumber, apiKey) VALUES (88, 'KE+0ko2fudYN', 'jordan2222@gmail.com', '011000088', '3c085f771afea3ffefb7f1f7e74806249897decc6bdb8c1f');
INSERT INTO userbase (userID, password, email, phoneNumber, apiKey) VALUES (89, 'FE4u2Zc&($Lq', 'casey1555@gmail.com', '011000089', '0622f165af4d2a71677ac93989487472a4081815569dac9a');
INSERT INTO userbase (userID, password, email, phoneNumber, apiKey) VALUES (90, '4bW+mVXnt#k1', 'drew5907@gmail.com', '011000090', 'e26c5c460e89926696208c45f2046c281705428779295aac');
INSERT INTO userbase (userID, password, email, phoneNumber, apiKey) VALUES (91, '#TIzX(KWKgk8', 'chris9097@gmail.com', '011000091', '45cac8876fec1a18fa788eb1978d4d2f7ee0319402b36360');
INSERT INTO userbase (userID, password, email, phoneNumber, apiKey) VALUES (92, '7k%AeL1Gzb1A', 'devon5140@gmail.com', '011000092', '2cec3564482dc7260d3c31c23486ba0b723b6fb735f345ed');
INSERT INTO userbase (userID, password, email, phoneNumber, apiKey) VALUES (93, 'ZkveDH9w@3dV', 'jamie9741@gmail.com', '011000093', 'ca7cb47d0ec22486a4d0c9398c5b46c7b86c2df4c732aab8');
INSERT INTO userbase (userID, password, email, phoneNumber, apiKey) VALUES (94, 'Kowqx(inU&s9', 'alex8552@gmail.com', '011000094', '2a2f1d22b5a01de1f4ac2a17c36cef89008742c809345d51');
INSERT INTO userbase (userID, password, email, phoneNumber, apiKey) VALUES (95, 'K(59x$Eh#)co', 'jamie4294@gmail.com', '011000095', 'afca0d1808cc0ed18c52c4eee7db897e69c07d35165329ed');
INSERT INTO userbase (userID, password, email, phoneNumber, apiKey) VALUES (96, 'WRU*oO@i9OCb', 'chris6213@gmail.com', '011000096', 'b6e8f9ac9d60115d508db4b7346c331e3a637d7911e19a6b');
INSERT INTO userbase (userID, password, email, phoneNumber, apiKey) VALUES (97, 'eHIgo2p_XvqS', 'jamie6047@gmail.com', '011000097', 'de20b8268d8ed7aa7546fcdd602240da95fc934c7379fd65');
INSERT INTO userbase (userID, password, email, phoneNumber, apiKey) VALUES (98, '6DHZ4%Luulz4', 'devon9319@gmail.com', '011000098', 'f0668c281e5803872b1f32845f06f92bd945d2ca24ddfe05');
INSERT INTO userbase (userID, password, email, phoneNumber, apiKey) VALUES (99, 'F6rYlsOvs#Bx', 'devon7793@gmail.com', '011000099', '06fa6dfe3f33ddf650513b3fd00a6d4a37dbe0516a57769c');
INSERT INTO userbase (userID, password, email, phoneNumber, apiKey) VALUES (100, '2i#b%zKTlH)f', 'drew7860@gmail.com', '011000100', '068d1e647f553732f361b2b0192efde2f829bc5682dc160f');
INSERT INTO userbase (userID, password, email, phoneNumber, apiKey) VALUES (101, 'kds66g*w#(rR', 'jordan6669@gmail.com', '011000101', '97e79c65918b847d17281a9caeae29704c37b201e9ff0d66');
INSERT INTO userbase (userID, password, email, phoneNumber, apiKey) VALUES (102, 'b^&Q29FzD(#V', 'jamie5588@gmail.com', '011000102', '2ce07181f48e072d94ffcf62360b8966d6103729277af7aa');
INSERT INTO userbase (userID, password, email, phoneNumber, apiKey) VALUES (103, 'C!GTUj2MZl36', 'morgan8134@gmail.com', '011000103', '044e48f76b3126d968f979afca47f46fc4aa4f24bbddeee6');
INSERT INTO userbase (userID, password, email, phoneNumber, apiKey) VALUES (104, '0h5tT7tpd_0B', 'chris9116@gmail.com', '011000104', 'e4bf624cef284468f59fbb15b77163a9af29d3f27a106b84');
INSERT INTO userbase (userID, password, email, phoneNumber, apiKey) VALUES (105, 'u+sShII%d2Wi', 'devon8638@gmail.com', '011000105', '98c6bfcf65085b6196da86f9c3cc9b9febe9923a0799fcf0');
INSERT INTO userbase (userID, password, email, phoneNumber, apiKey) VALUES (106, 'G7e1_dIe+Vy2', 'devon9272@gmail.com', '011000106', 'e176bcb4432a30fe53373c16452f0740920bcd3fe4953109');
INSERT INTO userbase (userID, password, email, phoneNumber, apiKey) VALUES (107, '+ZyJHBb)d1tX', 'jordan3637@gmail.com', '011000107', '6147b1ad2d46b6a86eb08d1c65829083ad0f08a9cd70a0ca');
INSERT INTO userbase (userID, password, email, phoneNumber, apiKey) VALUES (108, 'RyVOvwL3q@TF', 'taylor8879@gmail.com', '011000108', 'd88fda787b2abd84673fd60b97b79aa01cb0353a6de0a899');
INSERT INTO userbase (userID, password, email, phoneNumber, apiKey) VALUES (109, 'x3LPL@2fP^D4', 'drew8227@gmail.com', '011000109', 'd0c88da4fc4468db09d5b5822c45b71928563d1b45175c47');
INSERT INTO userbase (userID, password, email, phoneNumber, apiKey) VALUES (110, 'NAEH#2z6ZxGx', 'drew9622@gmail.com', '011000110', 'ef96b4ee70aa7df402c548d738a70c869c571095f349b3f7');
INSERT INTO userbase (userID, password, email, phoneNumber, apiKey) VALUES (111, '(Lt4GQJ3%mXv', 'chris1735@gmail.com', '011000111', 'bfbf8bdfd56895babe5f57466aadf043c571b4b6d20a406e');
INSERT INTO userbase (userID, password, email, phoneNumber, apiKey) VALUES (112, 'zGu@O8Va1+9R', 'chris4619@gmail.com', '011000112', '054741d5b81989fbaacdb6e61698b5738bbd1a659be44a04');
INSERT INTO userbase (userID, password, email, phoneNumber, apiKey) VALUES (113, 'K!(6NQx_cCjg', 'jordan9723@gmail.com', '011000113', '56e646066c3a3f5e5dec5595ffd9c93c79666c1855af95b0');
INSERT INTO userbase (userID, password, email, phoneNumber, apiKey) VALUES (114, '6TGgh7Gz++YD', 'jamie5879@gmail.com', '011000114', 'b635754cd037b3844b75ce2ef86c3da399cc7502bbb9d6f3');
INSERT INTO userbase (userID, password, email, phoneNumber, apiKey) VALUES (115, '2KnI49B3%4DO', 'devon1290@gmail.com', '011000115', '56b94187fc7f3ca5d067dad4fe570247d01abab17d1fdf2d');
INSERT INTO userbase (userID, password, email, phoneNumber, apiKey) VALUES (116, '@aRr9_NF!43#', 'jamie5607@gmail.com', '011000116', '8219ea050022682aeeeacbe18c5d12b85a8e4047cf200b0a');
INSERT INTO userbase (userID, password, email, phoneNumber, apiKey) VALUES (117, '@i8SBBGa^ZMC', 'reese9572@gmail.com', '011000117', '896ccaffdc29270ab335d4d0f6e8a6671a670c6f3edae3a4');
INSERT INTO userbase (userID, password, email, phoneNumber, apiKey) VALUES (118, '@e2$L6Nrb^o@', 'chris6993@gmail.com', '011000118', '2e9577ef093261f635cce8c6489b06a8e66f649cd3aabcca');
INSERT INTO userbase (userID, password, email, phoneNumber, apiKey) VALUES (119, 'DFK5G)#+y4Im', 'alex4827@gmail.com', '011000119', '5899ebf1f6642215321dcc858e1d636768ee99b04a8b88ba');
INSERT INTO userbase (userID, password, email, phoneNumber, apiKey) VALUES (120, '4+B!drknkaDe', 'taylor8268@gmail.com', '011000120', '91fa8ad034c5cde55ec4e2d53a9335af3ee0dba2cf634e69');
INSERT INTO userbase (userID, password, email, phoneNumber, apiKey) VALUES (121, 'MoQbIU@*O!7v', 'alex5426@gmail.com', '011000121', '467455e940f2385ce8751d2e243437013d3c3678479a6eb8');
INSERT INTO userbase (userID, password, email, phoneNumber, apiKey) VALUES (122, '5z5YOQ6$YaEr', 'taylor3649@gmail.com', '011000122', 'f6ed8072319390d49836c4c8abfde1934d8cac1f184b92d1');
INSERT INTO userbase (userID, password, email, phoneNumber, apiKey) VALUES (123, 'l^lvZn0GDYpq', 'reese4927@gmail.com', '011000123', '45eeb65eb249855f20ff968fbc9396787af45541ffeaafb0');
INSERT INTO userbase (userID, password, email, phoneNumber, apiKey) VALUES (124, 'xvMsLVbv9b_y', 'alex5273@gmail.com', '011000124', '34a4ae21cd27074d78fd409dbc0b14e613aad61349222709');
INSERT INTO userbase (userID, password, email, phoneNumber, apiKey) VALUES (125, 'u%dj(!#2+YgZ', 'jamie4068@gmail.com', '011000125', '0ea35736c8b863632bfe96ae05f7e6b3608ab3260fbee1e7');
INSERT INTO userbase (userID, password, email, phoneNumber, apiKey) VALUES (126, '%UJ0iSR$+Lv!', 'alex2719@gmail.com', '011000126', 'df07c61e9bbc6527320301c94b0e8766b8c1cdc4be382070');
INSERT INTO userbase (userID, password, email, phoneNumber, apiKey) VALUES (127, '(E&g*4Cz7EL_', 'casey9110@gmail.com', '011000127', 'f49a55de0a9fbdba920f4a98189787649e2de67a6bbd2007');
INSERT INTO userbase (userID, password, email, phoneNumber, apiKey) VALUES (128, 'V41)jO9Be$ho', 'alex4900@gmail.com', '011000128', '10cd354e1aea96fb4a096d25d74d2a89d6ea27bffb3e7316');
INSERT INTO userbase (userID, password, email, phoneNumber, apiKey) VALUES (129, 'k23)rv9ReR$6', 'morgan3701@gmail.com', '011000129', '03900e2078ef412260f36476ab316cf0715b3b38d89e1a34');
INSERT INTO userbase (userID, password, email, phoneNumber, apiKey) VALUES (130, '%Bqm4CNQqjdQ', 'devon1316@gmail.com', '011000130', '0b93fd7289d30f46031708f5864319e337b3fab81b8dce69');
INSERT INTO userbase (userID, password, email, phoneNumber, apiKey) VALUES (131, 'aEWrKC2b*Bhe', 'jordan4554@gmail.com', '011000131', '3f21111690687441879fba01384f5d8f83ef54b3ef07cc21');
INSERT INTO userbase (userID, password, email, phoneNumber, apiKey) VALUES (132, 'yIYEohPL4N)D', 'reese9374@gmail.com', '011000132', '89196215d2a2921b319e3af9873a15838376dcfe3187f8d9');
INSERT INTO userbase (userID, password, email, phoneNumber, apiKey) VALUES (133, '$cvCuTw4SXqA', 'reese5612@gmail.com', '011000133', 'c27ec9e15236f5f9a481ee1ba0b54345c73d3b1a59e07ed0');
INSERT INTO userbase (userID, password, email, phoneNumber, apiKey) VALUES (134, 'k@TqArWWv&V5', 'alex5345@gmail.com', '011000134', 'b274c0b6d0d210d67da416deae84407b6f6a6c326aa048e2');
INSERT INTO userbase (userID, password, email, phoneNumber, apiKey) VALUES (135, 'DW$3s!mz++1c', 'taylor6358@gmail.com', '011000135', 'f0ade2ebb7df3f9296515916e8088972edb25468bf3dcda0';)
INSERT INTO userbase (userID, password, email, phoneNumber, apiKey) VALUES (136, '$3EXE25X%e(!', 'reese2015@gmail.com', '011000136', '3e5990f406005bcabcc5915455d5da80966975f02886ab80');
INSERT INTO userbase (userID, password, email, phoneNumber, apiKey) VALUES (137, '4qbgMrtA7sp+', 'alex2651@gmail.com', '011000137', '94311c665c0fa3a656b10a6f31db61c1dfe2ea70cf84c0cc');
INSERT INTO userbase (userID, password, email, phoneNumber, apiKey) VALUES (138, 'lrE9D)xr7oZZ', 'jordan4127@gmail.com', '011000138', '1a47f803ec10dd1b1411f79cf4c5b2e72db039af76f265f5');
INSERT INTO userbase (userID, password, email, phoneNumber, apiKey) VALUES (139, 'ZmIoA^e+5PY)', 'jamie1743@gmail.com', '011000139', 'cbf82780ee4eea6590b424eab5ceccab864b36d0f390c996');
INSERT INTO userbase (userID, password, email, phoneNumber, apiKey) VALUES (140, '1jhvtF+Z@u%J', 'drew5370@gmail.com', '011000140', '0dd3cf46d2aa891719892c32c196a8b937c8b347dfec8e3a');
INSERT INTO userbase (userID, password, email, phoneNumber, apiKey) VALUES (141, 'BSN4f)TkJzwz', 'taylor8851@gmail.com', '011000141', '7b783dc483c4eb22b191c3b1ffcd4dc0f4e353582dc5beee');
INSERT INTO userbase (userID, password, email, phoneNumber, apiKey) VALUES (142, 'iX2S6s+oPjww', 'casey3676@gmail.com', '011000142', 'a48f50ca47dd3856f74d400371a256482046631d4a55725d');
INSERT INTO userbase (userID, password, email, phoneNumber, apiKey) VALUES (143, 'l!g$AC9IJ6j8', 'devon1955@gmail.com', '011000143', '1c1a01a26435095c9dfef045b7869b24f0ef5c5890e8ce42');
INSERT INTO userbase (userID, password, email, phoneNumber, apiKey) VALUES (144, 'eKQ*_tJT9s)+', 'jamie9150@gmail.com', '011000144', 'c4cca3f4b9951844fe8a5c29302f00928365e4f194abd55d');
INSERT INTO userbase (userID, password, email, phoneNumber, apiKey) VALUES (145, 'oXx$&0E21*mf', 'morgan1247@gmail.com', '011000145', '41b5fc7841ce7ba98211da1d1eaf3895487d92fa1b3623ae');
INSERT INTO userbase (userID, password, email, phoneNumber, apiKey) VALUES (146, 'QIq3zL%QTiDK', 'drew5192@gmail.com', '011000146', 'e0b5b01a089739c643fb58eac2b728dc4d6e0d4a0b853731');
INSERT INTO userbase (userID, password, email, phoneNumber, apiKey) VALUES (147, 'jGaWSFC*40^x', 'alex8434@gmail.com', '011000147', '12ddc07a4b3f68c3dcd39c4d1223077c804b4086b1d87494');
INSERT INTO userbase (userID, password, email, phoneNumber, apiKey) VALUES (148, 'HPL+1Dk5HKRS', 'drew8796@gmail.com', '011000148', '55823337379d895ba5e6fe061ae6a2ae24b34b7b8233c46d');
INSERT INTO userbase (userID, password, email, phoneNumber, apiKey) VALUES (149, '@zfC4FgKx#rA', 'morgan3100@gmail.com', '011000149', '6758ae821ee80281ddafa242dbbcc98b44986c5b36f93589');
INSERT INTO userbase (userID, password, email, phoneNumber, apiKey) VALUES (150, 'qN8LUk5z$HeR', 'chris5343@gmail.com', '011000150', 'c601b509c9319c30d1494feec68c37d63bc1e95870263551');
INSERT INTO userbase (userID, password, email, phoneNumber, apiKey) VALUES (151, 'dnU1&Iq$aD^d', 'drew7791@gmail.com', '011000151', 'dd2b660dbbd34fb1bf384c19d95c9dcf4fa4038beaede3b6');
INSERT INTO userbase (userID, password, email, phoneNumber, apiKey) VALUES (152, '8*G8Jjr8sThM', 'casey3928@gmail.com', '011000152', 'c1fd635573e83edb823a9a9fdeb4330b5864cd792e3d61f2');
INSERT INTO userbase (userID, password, email, phoneNumber, apiKey) VALUES (153, '+^CzmV4hmuo#', 'taylor6139@gmail.com', '011000153', '020de3f251c98b6eb704744bd2553f126ac153e9162b78cf');
INSERT INTO userbase (userID, password, email, phoneNumber, apiKey) VALUES (154, 'W%v^aR005#63', 'drew8423@gmail.com', '011000154', '6a4070cf842d2e13e638ba3fc373d85f2b058cf49fb52c36');
INSERT INTO userbase (userID, password, email, phoneNumber, apiKey) VALUES (155, 'OG9@_!(KSXkL', 'chris8286@gmail.com', '011000155', '313ab2530bd54df16146cd0eed98861db11056b9c8f5e9ae');
INSERT INTO userbase (userID, password, email, phoneNumber, apiKey) VALUES (156, 'SyDO)cdl+2(T', 'drew9723@gmail.com', '011000156', '037f121e7365172fbe6ab6d9253c6eb22b055ba0af7932ed');
INSERT INTO userbase (userID, password, email, phoneNumber, apiKey) VALUES (157, 'M%dx4)h8Y@6q', 'jamie1784@gmail.com', '011000157', '4dab56f294bd81a028f7528d7be500d6e833498df815eee9');
INSERT INTO userbase (userID, password, email, phoneNumber, apiKey) VALUES (158, 'kR%ynoi2Hf+y', 'devon6225@gmail.com', '011000158', '17d0926a516ad8b0a8dbb72111a71b4baa947db0e88bbd83');
INSERT INTO userbase (userID, password, email, phoneNumber, apiKey) VALUES (159, 'N7BUS6Zw&#sB', 'morgan1944@gmail.com', '011000159', 'efa832c924b02a4340fb95d9ae58a313dbba7ffdf9f3f78d');
INSERT INTO userbase (userID, password, email, phoneNumber, apiKey) VALUES (160, 'Gg8lYul6#L7t', 'alex5881@gmail.com', '011000160', '4f3b387dcd3c020f2669f3328744ec28dff6b8d9ecf4e235');
INSERT INTO userbase (userID, password, email, phoneNumber, apiKey) VALUES (161, 'IujZYJ*6WDE!', 'drew6571@gmail.com', '011000161', 'ff5c8cb66649e284e2620d9cd042dd955eca2fab23b16b5f');
INSERT INTO userbase (userID, password, email, phoneNumber, apiKey) VALUES (162, '^kBs!)(2Mm4s', 'jordan9254@gmail.com', '011000162', 'e3c48cce2b1f0f14ecc4eabfb56c8b1021ef4a2b3847cb10');
INSERT INTO userbase (userID, password, email, phoneNumber, apiKey) VALUES (163, '8Q6rCb9_bXo6', 'alex4479@gmail.com', '011000163', '9cd1e250f579397da98d5754cad8c356cc10cc76189d3151');
INSERT INTO userbase (userID, password, email, phoneNumber, apiKey) VALUES (164, ')Ed5iQPM*&so', 'jamie7318@gmail.com', '011000164', '576d83f60f82de050b536dc49ddb967e7788a612b056c869');
INSERT INTO userbase (userID, password, email, phoneNumber, apiKey) VALUES (165, 'KF0n9Dx!Ca0p', 'drew3329@gmail.com', '011000165', '331393988184abf767122fe58ce704fd898b6f01f33563fd');
INSERT INTO userbase (userID, password, email, phoneNumber, apiKey) VALUES (166, 'YJ%OvSgWJ!10', 'casey7899@gmail.com', '011000166', 'a6e9595081453ff983f916390f8b7b3f53ec1f961a03bab8');
INSERT INTO userbase (userID, password, email, phoneNumber, apiKey) VALUES (167, 'P^#f+8elqt*D', 'casey2780@gmail.com', '011000167', 'a3d95f3eef31e6f002ac6f6b5ae6157914acbf8133c69472');
INSERT INTO userbase (userID, password, email, phoneNumber, apiKey) VALUES (168, '5b&tdAw7+W#(', 'jordan9372@gmail.com', '011000168', 'a1efd284de131d891a1d0a86b6f39e0446e7e1441be1ad52');
INSERT INTO userbase (userID, password, email, phoneNumber, apiKey) VALUES (169, 'tyYe8$uv3)cj', 'reese4632@gmail.com', '011000169', '4db5a41993a028519ed337262f855597ebfb77a003089cbc');
INSERT INTO userbase (userID, password, email, phoneNumber, apiKey) VALUES (170, 'C*t1%h2bCprG', 'morgan9234@gmail.com', '011000170', '26d2df7be89bc7c9b166edc79bb1549c4394423622b1e4d1');
INSERT INTO userbase (userID, password, email, phoneNumber, apiKey) VALUES (171, 'ZbwW+lhPd6)d', 'morgan9369@gmail.com', '011000171', '02bfe54db61699b897196de0d8b8330ffda928698192f907');
INSERT INTO userbase (userID, password, email, phoneNumber, apiKey) VALUES (172, 'mzFcz@R(l1M4', 'jamie9227@gmail.com', '011000172', 'febc4d22e3befcbbb84443cc3c4d13e952c810aadfd9d5b5');
INSERT INTO userbase (userID, password, email, phoneNumber, apiKey) VALUES (173, '2SXR(szoev61', 'taylor7734@gmail.com', '011000173', 'de7a10208cb035b7401fafa28114a6f2d18b084ec31c778e');
INSERT INTO userbase (userID, password, email, phoneNumber, apiKey) VALUES (174, 'k^w*5oKVi+7q', 'drew2786@gmail.com', '011000174', '763e3f34e2420c4635093e9124e07f9b7fa2eb65b3eb7b46');
INSERT INTO userbase (userID, password, email, phoneNumber, apiKey) VALUES (175, 'GqPgkwq5Sr(N', 'devon4385@gmail.com', '011000175', 'f28bf6b61ed8c2de1362f217b324fb03b3fa5ad2bf688083');
INSERT INTO userbase (userID, password, email, phoneNumber, apiKey) VALUES (176, 'W*+qUAI9!Sy$', 'alex7269@gmail.com', '011000176', 'd69f8a2788a3b6d19015b8a069652bf62db3892934899521');
INSERT INTO userbase (userID, password, email, phoneNumber, apiKey) VALUES (177, '+a^pM4&@+&Va', 'jamie2475@gmail.com', '011000177', '04c9519bd9897eefb7d4d830e00903c1cffcf07e9b358b86');
INSERT INTO userbase (userID, password, email, phoneNumber, apiKey) VALUES (178, '!GVby2Y!4acu', 'alex5180@gmail.com', '011000178', 'a181f666afdf7b17eaaf504f4102c1c59b7bd81ee24577d9');
INSERT INTO userbase (userID, password, email, phoneNumber, apiKey) VALUES (179, 'wHWb(lS562$Q', 'jamie5085@gmail.com', '011000179', '9a173db57ec5aa196a4e417c2cfef7e2f77715adfb3ef96a');
INSERT INTO userbase (userID, password, email, phoneNumber, apiKey) VALUES (180, 'Mg72+TkciVdA', 'alex9812@gmail.com', '011000180', '88141198fc73dc583fc60d16f5de3333ec1491658d6e90ef');
INSERT INTO userbase (userID, password, email, phoneNumber, apiKey) VALUES (181, 'tCcw$rl7mn0f', 'drew1884@gmail.com', '011000181', 'c8a01e2ea3a9df5b71e031fcf075874ede6abf3519714fcb');
INSERT INTO userbase (userID, password, email, phoneNumber, apiKey) VALUES (182, '1U5+EvU8Cd1K', 'jordan8696@gmail.com', '011000182', 'cbb59bf945b6801bfae95b1d2ad0c553ce1ee5d7923b1a13');
INSERT INTO userbase (userID, password, email, phoneNumber, apiKey) VALUES (183, 'Lshh$$e7UHZD', 'taylor7661@gmail.com', '011000183', '1a54d0af42d7a9da9582beaa651ac89e7dd6f55d32010fbe');
INSERT INTO userbase (userID, password, email, phoneNumber, apiKey) VALUES (184, '(P!hU3X%)twy', 'reese9463@gmail.com', '011000184', 'ff58abb6bd3e1e4bf25dea81316dbda1ebb4da516eea6966');
INSERT INTO userbase (userID, password, email, phoneNumber, apiKey) VALUES (185, 'a*$(%tjdQJ8s', 'taylor8959@gmail.com', '011000185', '1c15d2e85074fb4c8389542c1b189c9ee04dd1dc0184cff3');
INSERT INTO userbase (userID, password, email, phoneNumber, apiKey) VALUES (186, '85USwcTrB8(j', 'drew6622@gmail.com', '011000186', 'befb8e1b8a14fafc978d63408b12cf75c7df732afd27feef');
INSERT INTO userbase (userID, password, email, phoneNumber, apiKey) VALUES (187, '0ac!TXX1nt@J', 'morgan7616@gmail.com', '011000187', '0562d0c084c59babd7f99bb9796a672250ab32a23cdb156a');
INSERT INTO userbase (userID, password, email, phoneNumber, apiKey) VALUES (188, '8HliNi$&8&K2', 'morgan5892@gmail.com', '011000188', '044c8854e86e9528246ec52da949bbd05a20a344b3c1a8e2');
INSERT INTO userbase (userID, password, email, phoneNumber, apiKey) VALUES (189, 't15!5Zd)gY8o', 'reese4659@gmail.com', '011000189', '5c11afb08c5b667164bdf867fd863cf6316b8c95eba2aed6');
INSERT INTO userbase (userID, password, email, phoneNumber, apiKey) VALUES (190, '!Ju1TLcRjaeW', 'devon8518@gmail.com', '011000190', '10ddfc7e603482587cf079d1965b3407c904ff2c1565977d');
INSERT INTO userbase (userID, password, email, phoneNumber, apiKey) VALUES (191, 'WkKL+O(6LJk^', 'alex9953@gmail.com', '011000191', '949f05ea9505ac5e3549221232430f02ee190b17adf73691');
INSERT INTO userbase (userID, password, email, phoneNumber, apiKey) VALUES (192, 'n0+6$Pd3(M(r', 'jamie1702@gmail.com', '011000192', '26da42b705fc446ab884d64217fc4f0cc7175e65fb07d5c7');
INSERT INTO userbase (userID, password, email, phoneNumber, apiKey) VALUES (193, '8lX8&rv3B(#G', 'jordan5027@gmail.com', '011000193', '28bcff00c7badcf719a7f0393915aff7c3ac2565ef337b8a');
INSERT INTO userbase (userID, password, email, phoneNumber, apiKey) VALUES (194, 'zbq#979Zbk)Q', 'jordan2742@gmail.com', '011000194', 'f479988a838cc1e0bd06b4f0dc2e6ba1df9ca99eccf1a9ba');
INSERT INTO userbase (userID, password, email, phoneNumber, apiKey) VALUES (195, '(3QG9nlr&9M%', 'casey7497@gmail.com', '011000195', '3e295b50dccbdfb3e7d459fdc3da0487a1a22e57e50780d9');
INSERT INTO userbase (userID, password, email, phoneNumber, apiKey) VALUES (196, 'Ny$u)hQ4^x0e', 'morgan1160@gmail.com', '011000196', '2785b24b3971c314e3f1a6f4efb05f143a7b74d43f61eac1');
INSERT INTO userbase (userID, password, email, phoneNumber, apiKey) VALUES (197, 'w@%R!Io8Juez', 'alex6869@gmail.com', '011000197', '1e4c188d91247983ade23f5a93e4dc1dc9491e7e84f0a89f');
INSERT INTO userbase (userID, password, email, phoneNumber, apiKey) VALUES (198, '$SJLAIomIBh9', 'jamie5728@gmail.com', '011000198', '73c5138deda4dc064101d2c24e64f3b98aaf1fdefc1452fa');
INSERT INTO userbase (userID, password, email, phoneNumber, apiKey) VALUES (199, 'p2nh0@4*wUqj', 'chris6158@gmail.com', '011000199', '041636eec26aa4c36e72deb1688da42c07f349d62dff3f6b');
INSERT INTO userbase (userID, password, email, phoneNumber, apiKey) VALUES (200, 'J3EG_F2hiYPK', 'devon3159@gmail.com', '011000200', 'e99210983892365cd95d3fc16e40b26533f713db363b3347');
INSERT INTO userbase (userID, password, email, phoneNumber, apiKey) VALUES (201, '+1gE58YtGUuD', 'casey4896@gmail.com', '011000201', 'cdb5316091310a87fdab0e862f79d3f7505ec0b9e66c209b');
INSERT INTO userbase (userID, password, email, phoneNumber, apiKey) VALUES (202, 'SV&YMQAHk6l_', 'reese3923@gmail.com', '011000202', '6ccae35259a9887342d70969d689a6357bb627df2bf250c8');
INSERT INTO userbase (userID, password, email, phoneNumber, apiKey) VALUES (203, '$v2(HiYt4XRx', 'jordan9613@gmail.com', '011000203', 'e0cc1be0436998a19831964d7b729ba1585fa47859d08cfe');
INSERT INTO userbase (userID, password, email, phoneNumber, apiKey) VALUES (204, 'choG5@h7uHUt', 'chris1722@gmail.com', '011000204', '39b526284e3561f51de6840b906e2012414153fcb7c6da23');
INSERT INTO userbase (userID, password, email, phoneNumber, apiKey) VALUES (205, 'VV6%LW_SS9aZ', 'reese2018@gmail.com', '011000205', 'ab3651c587f63d82aeeaa7fabb579c0e52bac5f91745b7f9');
INSERT INTO userbase (userID, password, email, phoneNumber, apiKey) VALUES (206, 'EVovHv@u&t0a', 'casey5433@gmail.com', '011000206', '9271e5894c711c72709ba1d7c59cfec48e6a5da5ebe43d11');
INSERT INTO userbase (userID, password, email, phoneNumber, apiKey) VALUES (207, 'm+nz_6W8*ZAu', 'alex8515@gmail.com', '011000207', '348013616f92645583410949c3ae57495520481b5913b97a');
INSERT INTO userbase (userID, password, email, phoneNumber, apiKey) VALUES (208, '2@Ho8$q0zSn%', 'jamie3669@gmail.com', '011000208', 'dea1fe4208d39413a346be5784a94119db9af0933bc25795');
INSERT INTO userbase (userID, password, email, phoneNumber, apiKey) VALUES (209, '4Z8ykek56Y_n', 'devon3029@gmail.com', '011000209', '72dce64593dc8247d0f2576549eb5319bbe14385f81e82a8');
INSERT INTO userbase (userID, password, email, phoneNumber, apiKey) VALUES (210, 'eJb!#Zp9tr5_', 'casey6678@gmail.com', '011000210', 'f400b74d55c89c87a68c5bdaad7743968240c852c52d628d');
INSERT INTO userbase (userID, password, email, phoneNumber, apiKey) VALUES (211, 'Ci^z276j*&9N', 'jamie5551@gmail.com', '011000211', '86bf41bb54dd08557993ea207b90d0ee03c325566444b91c');
INSERT INTO userbase (userID, password, email, phoneNumber, apiKey) VALUES (212, 'cJkaFg51!tQS', 'chris9717@gmail.com', '011000212', '59d1269a8f012f1172023b494aa414591913e538ada7dd8a');
INSERT INTO userbase (userID, password, email, phoneNumber, apiKey) VALUES (213, 'kT_CGZ6TU9!%', 'taylor9355@gmail.com', '011000213', 'd7718f169eb7e47dd72c8ac6d1250e581e18e76df39d6262');
INSERT INTO userbase (userID, password, email, phoneNumber, apiKey) VALUES (214, 'tANz0x^)kH&T', 'reese7827@gmail.com', '011000214', '39e5ee1cb4ae67408331f73b517c0370217e13633956de91');
INSERT INTO userbase (userID, password, email, phoneNumber, apiKey) VALUES (215, 'nOLjN9!WoVyW', 'casey1557@gmail.com', '011000215', '739882a0ec99d3be58da55492a74b3c346273d508e92f6c8');
INSERT INTO userbase (userID, password, email, phoneNumber, apiKey) VALUES (216, 'f1XKp!1lW#@W', 'devon9171@gmail.com', '011000216', '2539dde20794bb6c2ebfd78c91dffb15b0d491f6516140bf');
INSERT INTO userbase (userID, password, email, phoneNumber, apiKey) VALUES (217, '$!KBlDZXQ67k', 'chris7640@gmail.com', '011000217', 'def9462e31b59145018c73b6df77519c59473f7c1da9d338');
INSERT INTO userbase (userID, password, email, phoneNumber, apiKey) VALUES (218, '229*X+0RxOC$', 'alex2180@gmail.com', '011000218', 'fc5b77b05d4715b4f63ee14f9b7ed46eb146307cb52ef62b');
INSERT INTO userbase (userID, password, email, phoneNumber, apiKey) VALUES (219, 'p^GwU1rtiqr6', 'alex2179@gmail.com', '011000219', '900cba35aa2fcb54422a965f67642e0d4465720779c28e70');
INSERT INTO userbase (userID, password, email, phoneNumber, apiKey) VALUES (220, 'bQGryq)w4LWp', 'drew4081@gmail.com', '011000220', 'd7b6dc8af4e83391de4278c431c3f41d17c8f7624a0becac');
INSERT INTO userbase (userID, password, email, phoneNumber, apiKey) VALUES (221, 'cp*P8yLd@kAo', 'chris6634@gmail.com', '011000221', '80ebbe6a1e1a489bea4af794f12cad6aec32367bedcb7795');
INSERT INTO userbase (userID, password, email, phoneNumber, apiKey) VALUES (222, '0)j+%C#7%f4p', 'morgan6638@gmail.com', '011000222', 'a8947905529359f6bd989f5badb663ea11d862b54ae36deb');
INSERT INTO userbase(userID, password, email, phoneNumber, apiKey) VALUES (223, 'fg$!4NXXmJE+', 'morgan7049@gmail.com', '011000223', '7227e4b149c7efa0a624b2c82d736e8d702b2aecd64dab23');
INSERT INTO userbase (userID, password, email, phoneNumber, apiKey) VALUES (224, 'U0jx1ART^1PL', 'jamie6350@gmail.com', '011000224', '05ba73d158763c075784830ea0d6b201403ac3df02fd46f3');
INSERT INTO userbase (userID, password, email, phoneNumber, apiKey) VALUES (225, 'rCPaXfb(3E%^', 'chris4286@gmail.com', '011000225', 'febff5cfec3763ee46346c61ab0ab6de145e89814f3206a1');
INSERT INTO userbase (userID, password, email, phoneNumber, apiKey) VALUES (226, 'eL)NX_NPaY90', 'jamie2102@gmail.com', '011000226', 'aa8d1addf81313b8d185474fb2df65818d9ba837af9f156b');
INSERT INTO userbase (userID, password, email, phoneNumber, apiKey) VALUES (227, 'c1aYFc3U8li!', 'chris6313@gmail.com', '011000227', '5f7c28860384f6647d588c9197801e643c3394d2d9381277');
INSERT INTO userbase (userID, password, email, phoneNumber, apiKey) VALUES (228, 'NdKW2!KNCMq6', 'alex6888@gmail.com', '011000228', '5a058e57d0c1adc0e69e693d95b80a2c12ada472eb618793');
INSERT INTO userbase (userID, password, email, phoneNumber, apiKey) VALUES (229, 'F3VV^VEi03WB', 'alex9349@gmail.com', '011000229', 'cdef34d52d728e844a69d09efe2cd903fe5933cb285da88b');
INSERT INTO userbase (userID, password, email, phoneNumber, apiKey) VALUES (230, '9)&TUQv^2_oI', 'morgan6701@gmail.com', '011000230', '8eb11e86f0018cf07dcc5b95de00cc389f568092a1c79323');
INSERT INTO userbase (userID, password, email, phoneNumber, apiKey) VALUES (231, '$&nVmZ2vjqo!', 'taylor5128@gmail.com', '011000231', '3b1eff237b0260dee3dbc75b790f8ac06b65a8eacf8c778d');
INSERT INTO userbase (userID, password, email, phoneNumber, apiKey) VALUES (232, 'YeSZj7g6*LKl', 'casey4345@gmail.com', '011000232', '2ce8541e1311307da02890ec97cc0c99f51fbea93f7524c8');
INSERT INTO userbase (userID, password, email, phoneNumber, apiKey) VALUES (233, '0&e*AqDefoLF', 'reese3429@gmail.com', '011000233', '9afed1b532e0d6cc4033d702478467ec742a7dcd12345289');
INSERT INTO userbase (userID, password, email, phoneNumber, apiKey) VALUES (234, 'B)rynquts*10', 'jamie3581@gmail.com', '011000234', 'e44139e735e45d1b55fdf6dcf4a1114bf0c4b0d57b5fa545');
INSERT INTO userbase (userID, password, email, phoneNumber, apiKey) VALUES (235, '1cMJdH3wLh!6', 'jamie2718@gmail.com', '011000235', 'de0f736837e209234fb8a96b600020123dc6c596c78ac0fa');
INSERT INTO userbase (userID, password, email, phoneNumber, apiKey) VALUES (236, 'JK+O6VO*7(Pa', 'morgan7540@gmail.com', '011000236', '6611a55ea914be3c3f46a82124405ee57fddc804ce4179f8');
INSERT INTO userbase (userID, password, email, phoneNumber, apiKey) VALUES (237, '4_kd#Db6tV0&', 'alex9644@gmail.com', '011000237', '850a09069697cbcf07e8f6f3af75f21b0a0b90674c640ad6');
INSERT INTO userbase (userID, password, email, phoneNumber, apiKey) VALUES (238, '6Fh5G_@#Y*TD', 'devon3580@gmail.com', '011000238', '05e235d4035e71163cce7df7e0ab7c6937ca5a743c60b96b');
INSERT INTO userbase (userID, password, email, phoneNumber, apiKey) VALUES (239, 'CB3Z@^PqKNTF', 'jamie7607@gmail.com', '011000239', '476019515947553e54b989e0b90aef573cc033f1ae7f7782');
INSERT INTO userbase (userID, password, email, phoneNumber, apiKey) VALUES (240, 'R0Q9_2dwPy$!', 'chris7120@gmail.com', '011000240', '08172a6430443e3a67c89746e3cfffc0daf737543386cbea');
INSERT INTO userbase (userID, password, email, phoneNumber, apiKey) VALUES (241, 'zdOXJ6z#%I%G', 'taylor7602@gmail.com', '011000241', '19ab2273f3d3c888305092e919380f44ac67dee8f3a84e43');
INSERT INTO userbase (userID, password, email, phoneNumber, apiKey) VALUES (242, 'K&T08IyB!Fuu', 'alex3389@gmail.com', '011000242', '6809a06d108c297594c4b72f1de77a5c9b35e5704eb4fc4a');
INSERT INTO userbase (userID, password, email, phoneNumber, apiKey) VALUES (243, '6Qw+t(nJghKg', 'chris7435@gmail.com', '011000243', 'f891440b50a9f9a52c5f7048af017d4000ee02f4ffa1b85a');
INSERT INTO userbase (userID, password, email, phoneNumber, apiKey) VALUES (244, '8*a2*%tM1CYN', 'jamie6123@gmail.com', '011000244', '1bbc70b9743c078e8225d11ac18f4ab099c9f689c113a1fa');
INSERT INTO userbase (userID, password, email, phoneNumber, apiKey) VALUES (245, 'vmo#CgP@d$7S', 'jamie7610@gmail.com', '011000245', '2c6ec29db2f2b705f54552deabe19450da5f0442afd094f3');
INSERT INTO userbase (userID, password, email, phoneNumber, apiKey) VALUES (246, ')WgD@kj4AfpT', 'devon5275@gmail.com', '011000246', '7c04efadfdb819eea50978da7bea0e1498c811ec67e5b3b9');
INSERT INTO userbase (userID, password, email, phoneNumber, apiKey) VALUES (247, 'A&G@&8vxdrVp', 'chris6176@gmail.com', '011000247', '316d11a79e60172fd673439a50a7976c63930135ab4e7e79');
INSERT INTO userbase (userID, password, email, phoneNumber, apiKey) VALUES (248, '(3k8q6aWCE)I', 'jordan9540@gmail.com', '011000248', 'd1518ebddd1b4172158be099e32094610b18ee040e636703');
INSERT INTO userbase (userID, password, email, phoneNumber, apiKey) VALUES (249, '!T!J9eB5hU$d', 'reese5577@gmail.com', '011000249', '40af2ce065ca5c31230bc2bc765807f0a40a3816c4dfcd23');
INSERT INTO userbase (userID, password, email, phoneNumber, apiKey) VALUES (250, 'E*5)@uA)V0a1', 'alex2482@gmail.com', '011000250', '7214e479a1ea9801a26c0f315ebce19d42283a39a4b197f2');
INSERT INTO userbase (userID, password, email, phoneNumber, apiKey) VALUES (251, 'Go3b&iSwRp2V', 'reese1877@gmail.com', '011000251', '436e147196c5ba16ad42d8f23f7d7afced7ce517a8ebdc15');
INSERT INTO userbase (userID, password, email, phoneNumber, apiKey) VALUES (252, '9H0XxGp_rbeD', 'casey8420@gmail.com', '011000252', '114a4c4e7bb05cd32ea327eefeb78b986747e70885877464');
INSERT INTO userbase (userID, password, email, phoneNumber, apiKey) VALUES (253, '0YOKHV#(jxey', 'jamie5073@gmail.com', '011000253', 'b426af9d5e02459eadbc0a30b540632da53b4b4280adf135');
INSERT INTO userbase (userID, password, email, phoneNumber, apiKey) VALUES (254, 'lB1)Sa#KOc)w', 'reese7460@gmail.com', '011000254', '4b77ff607c77e769a85dd5f73b12985cd8bc644c0bbcfeb2');
INSERT INTO userbase (userID, password, email, phoneNumber, apiKey) VALUES (255, 'egeps*Ri#q!0', 'devon4390@gmail.com', '011000255', '3b438aeb16abd1a4efad8172c4144cd315682a49a76a910b');
INSERT INTO userbase (userID, password, email, phoneNumber, apiKey) VALUES (256, 'm993S6E8g@^f', 'taylor2546@gmail.com', '011000256', 'a2256db88e629cba4b24f6994cd7ba9b75183e3a761ec802');
INSERT INTO userbase (userID, password, email, phoneNumber, apiKey) VALUES (257, '25e&5T4+Gg8c', 'casey6523@gmail.com', '011000257', '5d64f7279ac80b58327cb9ffd65d8b55115b23b342302f8d');
INSERT INTO userbase (userID, password, email, phoneNumber, apiKey) VALUES (258, 'Yw@3CW39pJ)5', 'drew2301@gmail.com', '011000258', '37d9783f880d5dfce396c59863ce7c2a760a36c31cdf80e9');
INSERT INTO userbase (userID, password, email, phoneNumber, apiKey) VALUES (259, '^)^CI3)5bE@x', 'chris8830@gmail.com', '011000259', 'ab018c0d2aa3ec8f4d63e3c8195770cd98f6816f611a1b79');
INSERT INTO userbase (userID, password, email, phoneNumber, apiKey) VALUES (260, '_H)oXMd3vMEc', 'morgan9067@gmail.com', '011000260', '07ec7c6e2c9224823a2cccbf955154faafdb4affc38fe282');
INSERT INTO userbase (userID, password, email, phoneNumber, apiKey) VALUES (261, 'X9JXUMmwv+iU', 'chris5010@gmail.com', '011000261', '31b2a8b1faa8d6e96a20f4539e5714320b4eef89a6902786');
INSERT INTO userbase (userID, password, email, phoneNumber, apiKey) VALUES (262, '+c_C1(mXSU7h', 'drew8808@gmail.com', '011000262', '88fc61bf182ac0b63fa4f61109c1fd2ecd908a006fcbf18e');
INSERT INTO userbase (userID, password, email, phoneNumber, apiKey) VALUES (263, '_10G03t_*My(', 'devon9757@gmail.com', '011000263', '61e8800ee58a01d7b1c7dce60eefc392483bae856431cb70');
INSERT INTO userbase (userID, password, email, phoneNumber, apiKey) VALUES (264, '5ibYZ&d!mYx3', 'morgan3167@gmail.com', '011000264', '0fc45a8ee259bea6275d2763d3c96c00a42e6fee0723ae34');
INSERT INTO userbase (userID, password, email, phoneNumber, apiKey) VALUES (265, 'Xc&*S6DFfHyi', 'morgan9049@gmail.com', '011000265', '2ac48d584733e552c9bb76fab6bed50dd42f0b3d560cd33a');
INSERT INTO userbase (userID, password, email, phoneNumber, apiKey) VALUES (266, 'qBWw!^uRL9_p', 'casey2680@gmail.com', '011000266', 'eee09ae633af529ec112fc7c7ceb0937c86fcf2bfce71b50');
INSERT INTO userbase (userID, password, email, phoneNumber, apiKey) VALUES (267, 'H7+8JtdIuG#D', 'casey3735@gmail.com', '011000267', 'ebe59cc165f0c4f8f9f9d1bd843c43bf882a8c4cd0380168');
INSERT INTO userbase (userID, password, email, phoneNumber, apiKey) VALUES (268, 'T_v3SQ!5B_(j', 'chris8393@gmail.com', '011000268', '699de56ab3db02e70d7f99c9affcdbe998e65c7bdd965021');
INSERT INTO userbase (userID, password, email, phoneNumber, apiKey) VALUES (269, ')163bPzw^8_B', 'devon1243@gmail.com', '011000269', '2f960045a5438312a1cf29db91a3600bd7ff9ed063adb8e8');
INSERT INTO userbase (userID, password, email, phoneNumber, apiKey) VALUES (270, '6QYJ&x9izzfR', 'alex9267@gmail.com', '011000270', 'd345ca11a919b6505de9fbb01ea6b248d0885b56b78f1808');
INSERT INTO userbase (userID, password, email, phoneNumber, apiKey) VALUES (271, '&GZ6FKz9*RR(', 'reese2679@gmail.com', '011000271', '1871a023f70b21cd77745b5e3a142da5b166bf4630b24396');
INSERT INTO userbase (userID, password, email, phoneNumber, apiKey) VALUES (272, 'mwY&JIRlH9x+', 'reese5406@gmail.com', '011000272', 'a985d7f92ea84419cf38be6f92aae3275923ca8c1163b9c0');
INSERT INTO userbase (userID, password, email, phoneNumber, apiKey) VALUES (273, '+G&bof5rRfuD', 'alex2973@gmail.com', '011000273', 'c021c854564ac31c3ea4c573e6e3ee11f6c2c034a38d14b4');
INSERT INTO userbase (userID, password, email, phoneNumber, apiKey) VALUES (274, '@+oA+_O6cY7d', 'morgan6623@gmail.com', '011000274', 'e45daf0c212ff87db1d1d4fd30a9dfc472f2a9e68aa9736d');
INSERT INTO userbase (userID, password, email, phoneNumber, apiKey) VALUES (275, 'kp$f5tWnE*WP', 'jamie6123@gmail.com', '011000275', 'd6b2ed9174964ac0b58f242e4dc14929fcc9d3bf66de0ed4');
INSERT INTO userbase (userID, password, email, phoneNumber, apiKey) VALUES (276, 'ueL9%vct!qu$', 'morgan7367@gmail.com', '011000276', 'f6f8d8f305a125477e8c26684feb91b4a35da03b0a0e611e');
INSERT INTO userbase (userID, password, email, phoneNumber, apiKey) VALUES (277, 'ZTYd%aTtt2#X', 'alex6346@gmail.com', '011000277', 'cc0f2377cc0de439eb625287ede9e654e3e2b50ae854c1cd');
INSERT INTO userbase (userID, password, email, phoneNumber, apiKey) VALUES (278, 'Qr3VE_+A+Hf6', 'casey7348@gmail.com', '011000278', 'b361c2162824febd5a5b2afe19830d1a3a930569ccdc448a');
INSERT INTO userbase (userID, password, email, phoneNumber, apiKey) VALUES (279, '8JC0vuO(H_D8', 'casey7363@gmail.com', '011000279', '90ce43f750b069fddc1f93e560a51d18cef604771e05ecf9');
INSERT INTO userbase (userID, password, email, phoneNumber, apiKey) VALUES (280, 'O7hV%T2to14o', 'chris4079@gmail.com', '011000280', 'd368b70eb317ab43176cc7fbe82d947f592fdbaacbb9b5c0');
INSERT INTO userbase (userID, password, email, phoneNumber, apiKey) VALUES (281, '^JLr0Ouu&a1^', 'jordan5404@gmail.com', '011000281', 'eec481acb0a5748f7ddabcb5f48e4b09aed5860fd46dff72');
INSERT INTO userbase (userID, password, email, phoneNumber, apiKey) VALUES (282, 'MuSe6DRv^(rg', 'morgan4574@gmail.com', '011000282', 'b3bb0e66be0e844c3892dd61ff86984061e2ed0950c878fa');
INSERT INTO userbase (userID, password, email, phoneNumber, apiKey) VALUES (283, 'bA*z(9HeBch%', 'alex2714@gmail.com', '011000283', 'fb3adc9da1307396d241019657e213a3506ee5c4268b18fd');
INSERT INTO userbase (userID, password, email, phoneNumber, apiKey) VALUES (284, '^2!uZRAGY$S7', 'morgan1506@gmail.com', '011000284', '21578e22ad901e86b7bf5bb3ad6a89027038a3a78fc76e41');
INSERT INTO userbase (userID, password, email, phoneNumber, apiKey) VALUES (285, 'a+HFAH7+XUT1', 'jamie4081@gmail.com', '011000285', 'a71cf35efe48d76591fd7a88d1e97df17e3ef99c014e4f1b');
INSERT INTO userbase (userID, password, email, phoneNumber, apiKey) VALUES (286, '2jc2KsfJ+X+v', 'drew2506@gmail.com', '011000286', '67ebc8418165f476934e1647b405f6ce041fa416f806b8a7');
INSERT INTO userbase (userID, password, email, phoneNumber, apiKey) VALUES (287, 'K+zmy4h#XjHR', 'reese1356@gmail.com', '011000287', '4ef0d10de87367d2f12b2c82c9d62901362339f381c322e1');
INSERT INTO userbase (userID, password, email, phoneNumber, apiKey) VALUES (288, 'rP@GdGDryj0R', 'alex6651@gmail.com', '011000288', '314a5c4f86915a263bf215854cc4560c8c28781ef4099480');
INSERT INTO userbase (userID, password, email, phoneNumber, apiKey) VALUES (289, '6)DvqZl$liPG', 'alex9444@gmail.com', '011000289', '2b188640b3236d89911fc1db7e521fc65401277daabcb057');
INSERT INTO userbase (userID, password, email, phoneNumber, apiKey) VALUES (290, 'o7BU9Fq%lYVe', 'chris6049@gmail.com', '011000290', 'b9b48a0da4e4c90598ba94182b68540c38c27d271c4156ba');
INSERT INTO userbase (userID, password, email, phoneNumber, apiKey) VALUES (291, 'Uao4@80pBW(3', 'chris7282@gmail.com', '011000291', 'c6edf68e32f40e8be1403af133f06f8a82fd47a5cfb75791');
INSERT INTO userbase (userID, password, email, phoneNumber, apiKey) VALUES (292, 'hELZOo)xFh8)', 'jordan9179@gmail.com', '011000292', '504649bc562e3ae65b5dccf2e7d78c061b0228c31480f04e');
INSERT INTO userbase (userID, password, email, phoneNumber, apiKey) VALUES (293, 'hW*blr8PVdzE', 'reese7098@gmail.com', '011000293', '7b941178b4a1503022c1cda9bfd5cd5234da5976db6435e5');
INSERT INTO userbase (userID, password, email, phoneNumber, apiKey) VALUES (294, 'Z$@C!gHk2&$U', 'devon1904@gmail.com', '011000294', 'b7bd10bd58884f590a5fbbb6dde355aeaf8c385b8d950953');
INSERT INTO userbase (userID, password, email, phoneNumber, apiKey) VALUES (295, '8nW4w@$A1YY$', 'casey6480@gmail.com', '011000295', '8722a52b77670b83f9e8f3801705fdf88e2fc5786783a161');
INSERT INTO userbase (userID, password, email, phoneNumber, apiKey) VALUES (296, 'M&oUpsrm*25)', 'devon5934@gmail.com', '011000296', '686a5128c805a8cb9e05e784d5554fd8901dfecb53333423');
INSERT INTO userbase (userID, password, email, phoneNumber, apiKey) VALUES (297, '9ZT7ihD+Hn$*', 'drew5581@gmail.com', '011000297', '549f43e5a49ad3f114fe20f1e5c03e6bdc1d98aec3f469a9');
INSERT INTO userbase (userID, password, email, phoneNumber, apiKey) VALUES (298, '9b5uG*oOW_9t', 'alex9144@gmail.com', '011000298', 'b16e3da545cd356fbf91cf475600e06cd71a604bd333a8d4');
INSERT INTO userbase (userID, password, email, phoneNumber, apiKey) VALUES (299, 'Y65R#SUVefjK', 'jordan9435@gmail.com', '011000299', '64a8eab4983cf2a08dd6ddf2a342ae88413ab9d2f797ce11');
INSERT INTO userbase (userID, password, email, phoneNumber, apiKey) VALUES (300, 'cbcyEIGZ^V7S', 'taylor9843@gmail.com', '011000300', 'cf6842f47f3b3b4153387a495b799535000b5232011a6f87');


UPDATE userbase SET 
    password = 'P@ssw0rd1!',
    email = 'james.smith@gmail.com',
    phoneNumber = '010000011',
    apiKey = '3a7b9c2e5f1d8g4h6j0k2l4m6n8p0q2r4s6t8u0v2w4'
WHERE userID = 1;

UPDATE userbase SET 
    password = 'Secur3P@ss2!',
    email = 'emily.johnson@gmail.com',
    phoneNumber = '010000012',
    apiKey = '1b3d5f7a9c2e4g6i8k0m2n4p6q8s0u2w4y6z8x1v3'
WHERE userID = 2;

UPDATE userbase SET 
    password = 'Str0ngP@ss3!',
    email = 'michael.williams@gmail.com',
    phoneNumber = '010000013',
    apiKey = '5h7j9k2m4o6q8s0u2w4y6z8x1v3b5d7f9a1c3e5'
WHERE userID = 3;

UPDATE userbase SET 
    password = 'P@ssword4!',
    email = 'sarah.brown@gmail.com',
    phoneNumber = '010000014',
    apiKey = '7g9i1k3m5o7q9s1u3w5y7z9x2v4b6d8f0h2j4l6n8'
WHERE userID = 4;

UPDATE userbase SET 
    password = 'Qwerty!12345',
    email = 'admin@compareit.alex.shepard@gmail.com',
    phoneNumber = '010000015',
    apiKey = '9p1r3t5v7x9z2b4d6f8h0j2l4n6p8r0t2v4x6z8'
WHERE userID = 5;

UPDATE userbase SET 
    password = 'Abcd!123456',
    email = 'admin@compareit.sue-ann.smith@gmail.com',
    phoneNumber = '010000016',
    apiKey = '2a4c6e8g0i2k4m6o8q0s2u4w6y8z1b3d5f7h9j1l3'
WHERE userID = 6;

UPDATE userbase SET 
    password = 'P@ssw0rd7!',
    email = 'admin@compareit.gene.schneider@gmail.com',
    phoneNumber = '010000017',
    apiKey = '4n6p8r0t2v4x6z8b1d3f5h7j9l1n3p5r7t9v1x3'
WHERE userID = 7;

UPDATE userbase SET 
    password = 'Secur3P@ss8!',
    email = 'admin@compareit.sandra.yenald@gmail.com',
    phoneNumber = '010000018',
    apiKey = '5z7x9v1b3d5f7h9j1l3n5p7r9t1v3x5z7b9d1f3'
WHERE userID = 8;

UPDATE userbase SET 
    password = 'Str0ngP@ss9!',
    email = 'admin@compareit.rochell.snelling@gmail.com',
    phoneNumber = '010000019',
    apiKey = '6h8j0l2n4p6r8t0v2x4z6b8d0f2h4j6l8n0p2r4'
WHERE userID = 9;

UPDATE userbase SET 
    password = 'P@ssword10!',
    email = 'admin@compareit.allan.hoy@gmail.com',
    phoneNumber = '010000020',
    apiKey = '7t9v1x3z5b7d9f1h3j5l7n9p1r3t5v7x9z1b3d5'
WHERE userID = 10;

UPDATE userbase SET 
    password = 'Qwerty!112233',
    email = 'admin@compareit.micheal.meredith@gmail.com',
    phoneNumber = '010000021',
    apiKey = '8f0h2j4l6n8p0r2t4v6x8z0b2d4f6h8j0l2n4p6'
WHERE userID = 11;

UPDATE userbase SET 
    password = 'Abcd!223344',
    email = 'admin@compareit.linda.myburgh@gmail.com',
    phoneNumber = '010000022',
    apiKey = '9g1i3k5m7o9q1s3u5w7y9z2b4d6f8h0j2l4n6p8'
WHERE userID = 12;

UPDATE userbase SET 
    password = 'P@ssw0rd13!',
    email = 'admin@compareit.kristene.ho@gmail.com',
    phoneNumber = '010000023',
    apiKey = '0r2t4v6x8z0b2d4f6h8j0l2n4p6r8t0v2x4z6b8'
WHERE userID = 13;

UPDATE userbase SET 
    password = 'Secur3P@ss14!',
    email = 'admin@compareit.max.tennard@gmail.com',
    phoneNumber = '010000024',
    apiKey = '1d3f5h7j9l1n3p5r7t9v1x3z5b7d9f1h3j5l7n9'
WHERE userID = 14;

UPDATE userbase SET 
    password = 'Str0ngP@ss15!',
    email = 'admin@compareit.ian.canderson@gmail.com',
    phoneNumber = '010000025',
    apiKey = '2p4r6t8v0x2z4b6d8f0h2j4l6n8p0r2t4v6x8z0b2'
WHERE userID = 15;

UPDATE userbase SET 
    password = 'P@ssword16!',
    email = 'samantha.moore@gmail.com',
    phoneNumber = '010000026',
    apiKey = '3d5f7h9j1l3n5p7r9t1v3x5z7b9d1f3h5j7l9n1'
WHERE userID = 16;


-- Update rows 17-40 with secure credentials
UPDATE userbase SET 
    password = 'P@ssw0rd17!',
    email = 'ryan.jackson@gmail.com',
    phoneNumber = '010000027',
    apiKey = '3a7b9c2e5f1d8g4h6j0k2l4m6n8p0q2r4s6t8u0v2w4'
WHERE userID = 17;

UPDATE userbase SET 
    password = 'Secur3P@ss18!',
    email = 'emma.white@gmail.com',
    phoneNumber = '010000028',
    apiKey = '1b3d5f7a9c2e4g6i8k0m2n4p6q8s0u2w4y6z8x1v3'
WHERE userID = 18;

UPDATE userbase SET 
    password = 'Str0ngP@ss19!',
    email = 'tyler.harris@gmail.com',
    phoneNumber = '010000029',
    apiKey = '5h7j9k2m4o6q8s0u2w4y6z8x1v3b5d7f9a1c3e5'
WHERE userID = 19;

UPDATE userbase SET 
    password = 'P@ssword20!',
    email = 'hannah.martin@gmail.com',
    phoneNumber = '010000030',
    apiKey = '7g9i1k3m5o7q9s1u3w5y7z9x2v4b6d8f0h2j4l6n8'
WHERE userID = 20;

UPDATE userbase SET 
    password = 'Qwerty!221133',
    email = 'jacob.thompson@gmail.com',
    phoneNumber = '010000031',
    apiKey = '9p1r3t5v7x9z2b4d6f8h0j2l4n6p8r0t2v4x6z8'
WHERE userID = 21;

UPDATE userbase SET 
    password = 'Abcd!332211',
    email = 'olivia.garcia@gmail.com',
    phoneNumber = '010000032',
    apiKey = '2a4c6e8g0i2k4m6o8q0s2u4w6y8z1b3d5f7h9j1l3'
WHERE userID = 22;

UPDATE userbase SET 
    password = 'P@ssw0rd23!',
    email = 'ethan.martinez@gmail.com',
    phoneNumber = '010000033',
    apiKey = '4n6p8r0t2v4x6z8b1d3f5h7j9l1n3p5r7t9v1x3'
WHERE userID = 23;

UPDATE userbase SET 
    password = 'Secur3P@ss24!',
    email = 'ava.robinson@gmail.com',
    phoneNumber = '010000034',
    apiKey = '5z7x9v1b3d5f7h9j1l3n5p7r9t1v3x5z7b9d1f3'
WHERE userID = 24;

UPDATE userbase SET 
    password = 'Str0ngP@ss25!',
    email = 'noah.clark@gmail.com',
    phoneNumber = '010000035',
    apiKey = '6h8j0l2n4p6r8t0v2x4z6b8d0f2h4j6l8n0p2r4'
WHERE userID = 25;

UPDATE userbase SET 
    password = 'P@ssword26!',
    email = 'sophia.rodriguez@gmail.com',
    phoneNumber = '010000036',
    apiKey = '7t9v1x3z5b7d9f1h3j5l7n9p1r3t5v7x9z1b3d5'
WHERE userID = 26;

UPDATE userbase SET 
    password = 'Qwerty!443322',
    email = 'logan.lewis@gmail.com',
    phoneNumber = '010000037',
    apiKey = '8f0h2j4l6n8p0r2t4v6x8z0b2d4f6h8j0l2n4p6'
WHERE userID = 27;

UPDATE userbase SET 
    password = 'Abcd!554433',
    email = 'mia.lee@gmail.com',
    phoneNumber = '010000038',
    apiKey = '9g1i3k5m7o9q1s3u5w7y9z2b4d6f8h0j2l4n6p8'
WHERE userID = 28;

UPDATE userbase SET 
    password = 'P@ssw0rd29!',
    email = 'lucas.walker@gmail.com',
    phoneNumber = '010000039',
    apiKey = '0r2t4v6x8z0b2d4f6h8j0l2n4p6r8t0v2x4z6b8'
WHERE userID = 29;

UPDATE userbase SET 
    password = 'Secur3P@ss30!',
    email = 'amelia.hall@gmail.com',
    phoneNumber = '010000040',
    apiKey = '1d3f5h7j9l1n3p5r7t9v1x3z5b7d9f1h3j5l7n9'
WHERE userID = 30;

UPDATE userbase SET 
    password = 'Str0ngP@ss31!',
    email = 'mason.allen@gmail.com',
    phoneNumber = '010000041',
    apiKey = '2p4r6t8v0x2z4b6d8f0h2j4l6n8p0r2t4v6x8z0b2'
WHERE userID = 31;

UPDATE userbase SET 
    password = 'P@ssword32!',
    email = 'charlotte.young@gmail.com',
    phoneNumber = '010000042',
    apiKey = '3d5f7h9j1l3n5p7r9t1v3x5z7b9d1f3h5j7l9n1'
WHERE userID = 32;

UPDATE userbase SET 
    password = 'Qwerty!665544',
    email = 'elijah.hernandez@gmail.com',
    phoneNumber = '010000043',
    apiKey = '4f6h8j0l2n4p6r8t0v2x4z6b8d0f2h4j6l8n0p2r4t6'
WHERE userID = 33;

UPDATE userbase SET 
    password = 'Abcd!776655',
    email = 'harper.king@gmail.com',
    phoneNumber = '010000044',
    apiKey = '5g7i9k1m3o5q7s9u1w3y5z7x9v1b3d5f7h9j1l3n5p7'
WHERE userID = 34;

UPDATE userbase SET 
    password = 'P@ssw0rd35!',
    email = 'aiden.wright@gmail.com',
    phoneNumber = '010000045',
    apiKey = '6h8j0l2n4p6r8t0v2x4z6b8d0f2h4j6l8n0p2r4t6v8'
WHERE userID = 35;

UPDATE userbase SET 
    password = 'Secur3P@ss36!',
    email = 'evelyn.scott@gmail.com',
    phoneNumber = '010000046',
    apiKey = '7i9k1m3o5q7s9u1w3y5z7x9v1b3d5f7h9j1l3n5p7r9'
WHERE userID = 36;

UPDATE userbase SET 
    password = 'Str0ngP@ss37!',
    email = 'carter.green@gmail.com',
    phoneNumber = '010000047',
    apiKey = '8j0l2n4p6r8t0v2x4z6b8d0f2h4j6l8n0p2r4t6v8x0'
WHERE userID = 37;

UPDATE userbase SET 
    password = 'P@ssword38!',
    email = 'abigail.adams@gmail.com',
    phoneNumber = '010000048',
    apiKey = '9k1m3o5q7s9u1w3y5z7x9v1b3d5f7h9j1l3n5p7r9t1'
WHERE userID = 38;

UPDATE userbase SET 
    password = 'Qwerty!887766',
    email = 'jackson.baker@gmail.com',
    phoneNumber = '010000049',
    apiKey = '0l2n4p6r8t0v2x4z6b8d0f2h4j6l8n0p2r4t6v8x0z2'
WHERE userID = 39;

UPDATE userbase SET 
    password = 'Abcd!998877',
    email = 'ella.gonzalez@gmail.com',
    phoneNumber = '010000050',
    apiKey = '1m3o5q7s9u1w3y5z7x9v1b3d5f7h9j1l3n5p7r9t1v3x5'
WHERE userID = 40;

DELETE FROM retailerusers;
INSERT INTO retailerusers (userID,retailerID,retailerName,retailerCode) VALUES(1,1,"Woolworths","WW148");
INSERT INTO retailerusers (userID,retailerID,retailerName,retailerCode) VALUES(2,2,"PicknPay","PNP119");
INSERT INTO retailerusers (userID,retailerID,retailerName,retailerCode) VALUES(3,3,"Checkers","CHR637");
INSERT INTO retailerusers (userID,retailerID,retailerName,retailerCode) VALUES(4,4,"Spar","SPR819");

INSERT INTO admins (userID,adminID,adminName) VALUES(5,2201,"Alex Shepard");
INSERT INTO admins (userID,adminID,adminName) VALUES(6,3201,"Sue-ann Smith");
INSERT INTO admins (userID,adminID,adminName) VALUES(7,3201,"Gene Schneider");
INSERT INTO admins (userID,adminID,adminName) VALUES(8,1201,"Sandra yenald");
INSERT INTO admins (userID,adminID,adminName) VALUES(9,2201,"Rochell snelling");
INSERT INTO admins (userID,adminID,adminName) VALUES(10,2101,"Allan Hoy");
INSERT INTO admins (userID,adminID,adminName) VALUES(11,2501,"Micheal Meredith");
INSERT INTO admins (userID,adminID,adminName) VALUES(12,2201,"Linda myburgh");
INSERT INTO admins (userID,adminID,adminName) VALUES(13,4001,"Kristene ho");
INSERT INTO admins (userID,adminID,adminName) VALUES(14,4301,"Max tennard");
INSERT INTO admins (userID,adminID,adminName) VALUES(15,2401,"Ian canderson");


-- Delete all existing rows
DELETE FROM user;

-- Insert 285 new rows starting with userID 16
INSERT IGNORE INTO user (userID, username, userFName, userSName) VALUES
(16, 'smoore', 'Samantha', 'Moore'),
(17, 'rjackson', 'Ryan', 'Jackson'),
(18, 'ewhite', 'Emma', 'White'),
(19, 'tharris', 'Tyler', 'Harris'),
(20, 'hmartin', 'Hannah', 'Martin'),
(21, 'jthompson', 'Jacob', 'Thompson'),
(22, 'ogarcia', 'Olivia', 'Garcia'),
(23, 'emartinez', 'Ethan', 'Martinez'),
(24, 'arobinson', 'Ava', 'Robinson'),
(25, 'nclark', 'Noah', 'Clark'),
(26, 'srodriguez', 'Sophia', 'Rodriguez'),
(27, 'llewis', 'Logan', 'Lewis'),
(28, 'mlee', 'Mia', 'Lee'),
(29, 'lwalker', 'Lucas', 'Walker'),
(30, 'ahall', 'Amelia', 'Hall'),
(31, 'mallen', 'Mason', 'Allen'),
(32, 'cyoung', 'Charlotte', 'Young'),
(33, 'ehernandez', 'Elijah', 'Hernandez'),
(34, 'hking', 'Harper', 'King'),
(35, 'awright', 'Aiden', 'Wright'),
(36, 'escott', 'Evelyn', 'Scott'),
(37, 'cgreen', 'Carter', 'Green'),
(38, 'aadams', 'Abigail', 'Adams'),
(39, 'jbaker', 'Jackson', 'Baker'),
(40, 'egonzalez', 'Ella', 'Gonzalez'),
(41, 'taylor2235', 'Taylor', 'Smith'),
(42, 'devon2494', 'Devon', 'Johnson'),
(43, 'jamie7853', 'Jamie', 'Williams'),
(44, 'drew4023', 'Drew', 'Brown'),
(45, 'reese8431', 'Reese', 'Jones'),
(46, 'morgan4154', 'Morgan', 'Miller'),
(47, 'jamie4619', 'Jamie', 'Davis'),
(48, 'devon7710', 'Devon', 'Garcia'),
(49, 'reese8235', 'Reese', 'Rodriguez'),
(50, 'chris9869', 'Chris', 'Wilson'),
(51, 'drew4095', 'Drew', 'Martinez'),
(52, 'devon9778', 'Devon', 'Anderson'),
(53, 'taylor3260', 'Taylor', 'Thomas'),
(54, 'chris3422', 'Chris', 'Taylor'),
(55, 'casey7490', 'Casey', 'Hernandez'),
(56, 'drew1029', 'Drew', 'Moore'),
(57, 'casey1885', 'Casey', 'Martin'),
(58, 'taylor9102', 'Taylor', 'Jackson'),
(59, 'reese3728', 'Reese', 'Thompson'),
(60, 'reese9746', 'Reese', 'White'),
(61, 'drew9734', 'Drew', 'Harris'),
(62, 'taylor5362', 'Taylor', 'Clark'),
(63, 'taylor4389', 'Taylor', 'Robinson'),
(64, 'drew1558', 'Drew', 'Lewis'),
(65, 'jordan8585', 'Jordan', 'Lee'),
(66, 'alex1280', 'Alex', 'Walker'),
(67, 'taylor8673', 'Taylor', 'Hall'),
(68, 'drew5443', 'Drew', 'Allen'),
(69, 'jamie8703', 'Jamie', 'Young'),
(70, 'casey2671', 'Casey', 'King'),
(71, 'reese6436', 'Reese', 'Wright'),
(72, 'reese3365', 'Reese', 'Scott'),
(73, 'morgan1988', 'Morgan', 'Green'),
(74, 'jamie9211', 'Jamie', 'Adams'),
(75, 'alex9306', 'Alex', 'Baker'),
(76, 'casey4115', 'Casey', 'Gonzalez'),
(77, 'devon8528', 'Devon', 'Smith'),
(78, 'reese8470', 'Reese', 'Johnson'),
(79, 'drew5286', 'Drew', 'Williams'),
(80, 'casey8965', 'Casey', 'Brown'),
(81, 'casey1912', 'Casey', 'Jones'),
(82, 'morgan4483', 'Morgan', 'Miller'),
(83, 'casey7645', 'Casey', 'Davis'),
(84, 'jordan3098', 'Jordan', 'Garcia'),
(85, 'alex4492', 'Alex', 'Rodriguez'),
(86, 'jamie5523', 'Jamie', 'Wilson'),
(87, 'taylor8577', 'Taylor', 'Martinez'),
(88, 'jordan2222', 'Jordan', 'Anderson'),
(89, 'casey1555', 'Casey', 'Thomas'),
(90, 'drew5907', 'Drew', 'Taylor'),
(91, 'chris9097', 'Chris', 'Hernandez'),
(92, 'devon5140', 'Devon', 'Moore'),
(93, 'jamie9741', 'Jamie', 'Martin'),
(94, 'alex8552', 'Alex', 'Jackson'),
(95, 'jamie4294', 'Jamie', 'Thompson'),
(96, 'chris6213', 'Chris', 'White'),
(97, 'jamie6047', 'Jamie', 'Harris'),
(98, 'devon9319', 'Devon', 'Clark'),
(99, 'devon7793', 'Devon', 'Robinson'),
(100, 'drew7860', 'Drew', 'Lewis'),
(101, 'jordan6669', 'Jordan', 'Lee'),
(102, 'jamie5588', 'Jamie', 'Walker'),
(103, 'morgan8134', 'Morgan', 'Hall'),
(104, 'chris9116', 'Chris', 'Allen'),
(105, 'devon8638', 'Devon', 'Young'),
(106, 'devon9272', 'Devon', 'King'),
(107, 'jordan3637', 'Jordan', 'Wright'),
(108, 'taylor8879', 'Taylor', 'Scott'),
(109, 'drew8227', 'Drew', 'Green'),
(110, 'drew9622', 'Drew', 'Adams'),
(111, 'chris1735', 'Chris', 'Baker'),
(112, 'chris4619', 'Chris', 'Gonzalez'),
(113, 'jordan9723', 'Jordan', 'Smith'),
(114, 'jamie5879', 'Jamie', 'Johnson'),
(115, 'devon1290', 'Devon', 'Williams'),
(116, 'jamie5607', 'Jamie', 'Brown'),
(117, 'reese9572', 'Reese', 'Jones'),
(118, 'chris6993', 'Chris', 'Miller'),
(119, 'alex4827', 'Alex', 'Davis'),
(120, 'taylor8268', 'Taylor', 'Garcia'),
(121, 'alex5426', 'Alex', 'Rodriguez'),
(122, 'taylor3649', 'Taylor', 'Wilson'),
(123, 'reese4927', 'Reese', 'Martinez'),
(124, 'alex5273', 'Alex', 'Anderson'),
(125, 'jamie4068', 'Jamie', 'Thomas'),
(126, 'alex2719', 'Alex', 'Taylor'),
(127, 'casey9110', 'Casey', 'Hernandez'),
(128, 'alex4900', 'Alex', 'Moore'),
(129, 'morgan3701', 'Morgan', 'Martin'),
(130, 'devon1316', 'Devon', 'Jackson'),
(131, 'jordan4554', 'Jordan', 'Thompson'),
(132, 'reese9374', 'Reese', 'White'),
(133, 'reese5612', 'Reese', 'Harris'),
(134, 'alex5345', 'Alex', 'Clark'),
(135, 'alex2651', 'Alex', 'Robinson'),
(136, 'jordan4127', 'Jordan', 'Lewis'),
(137, 'jamie1743', 'Jamie', 'Lee'),
(138, 'drew5370', 'Drew', 'Walker'),
(139, 'taylor8851', 'Taylor', 'Hall'),
(140, 'casey3676', 'Casey', 'Allen'),
(141, 'devon1955', 'Devon', 'Young'),
(142, 'jamie9150', 'Jamie', 'King'),
(143, 'morgan1247', 'Morgan', 'Wright'),
(144, 'drew5192', 'Drew', 'Scott'),
(145, 'alex8434', 'Alex', 'Green'),
(146, 'drew8796', 'Drew', 'Adams'),
(147, 'morgan3100', 'Morgan', 'Baker'),
(148, 'chris5343', 'Chris', 'Gonzalez'),
(149, 'drew7791', 'Drew', 'Smith'),
(150, 'casey3928', 'Casey', 'Johnson'),
(151, 'taylor6139', 'Taylor', 'Williams'),
(152, 'drew8423', 'Drew', 'Brown'),
(153, 'chris8286', 'Chris', 'Jones'),
(154, 'drew9723', 'Drew', 'Miller'),
(155, 'jamie1784', 'Jamie', 'Davis'),
(156, 'devon6225', 'Devon', 'Garcia'),
(157, 'morgan1944', 'Morgan', 'Rodriguez'),
(158, 'alex5881', 'Alex', 'Wilson'),
(159, 'drew6571', 'Drew', 'Martinez'),
(160, 'jordan9254', 'Jordan', 'Anderson'),
(161, 'alex4479', 'Alex', 'Thomas'),
(162, 'jamie7318', 'Jamie', 'Taylor'),
(163, 'drew3329', 'Drew', 'Hernandez'),
(164, 'casey7899', 'Casey', 'Moore'),
(165, 'casey2780', 'Casey', 'Martin'),
(166, 'jordan9372', 'Jordan', 'Jackson'),
(167, 'reese4632', 'Reese', 'Thompson'),
(168, 'morgan9234', 'Morgan', 'White'),
(169, 'morgan9369', 'Morgan', 'Harris'),
(170, 'jamie9227', 'Jamie', 'Clark'),
(171, 'taylor7734', 'Taylor', 'Robinson'),
(172, 'drew2786', 'Drew', 'Lewis'),
(173, 'devon4385', 'Devon', 'Lee'),
(174, 'alex7269', 'Alex', 'Walker'),
(175, 'jamie2475', 'Jamie', 'Hall'),
(176, 'alex5180', 'Alex', 'Allen'),
(177, 'jamie5085', 'Jamie', 'Young'),
(178, 'alex9812', 'Alex', 'King'),
(179, 'drew1884', 'Drew', 'Wright'),
(180, 'jordan8696', 'Jordan', 'Scott'),
(181, 'taylor7661', 'Taylor', 'Green'),
(182, 'reese9463', 'Reese', 'Adams'),
(183, 'taylor8959', 'Taylor', 'Baker'),
(184, 'drew6622', 'Drew', 'Gonzalez'),
(185, 'morgan7616', 'Morgan', 'Smith'),
(186, 'morgan5892', 'Morgan', 'Johnson'),
(187, 'reese4659', 'Reese', 'Williams'),
(188, 'devon8518', 'Devon', 'Brown'),
(189, 'alex9953', 'Alex', 'Jones'),
(190, 'jamie1702', 'Jamie', 'Miller'),
(191, 'jordan5027', 'Jordan', 'Davis'),
(192, 'jordan2742', 'Jordan', 'Garcia'),
(193, 'casey7497', 'Casey', 'Rodriguez'),
(194, 'morgan1160', 'Morgan', 'Wilson'),
(195, 'alex6869', 'Alex', 'Martinez'),
(196, 'jamie5728', 'Jamie', 'Anderson'),
(197, 'chris6158', 'Chris', 'Thomas'),
(198, 'devon3159', 'Devon', 'Taylor'),
(199, 'casey4896', 'Casey', 'Hernandez'),
(200, 'reese3923', 'Reese', 'Moore'),
(201, 'jordan9613', 'Jordan', 'Martin'),
(202, 'chris1722', 'Chris', 'Jackson'),
(203, 'reese2018', 'Reese', 'Thompson'),
(204, 'casey5433', 'Casey', 'White'),
(205, 'alex8515', 'Alex', 'Harris'),
(206, 'jamie3669', 'Jamie', 'Clark'),
(207, 'devon3029', 'Devon', 'Robinson'),
(208, 'casey6678', 'Casey', 'Lewis'),
(209, 'jamie5551', 'Jamie', 'Lee'),
(210, 'chris9717', 'Chris', 'Walker'),
(211, 'taylor9355', 'Taylor', 'Hall'),
(212, 'reese7827', 'Reese', 'Allen'),
(213, 'casey1557', 'Casey', 'Young'),
(214, 'devon9171', 'Devon', 'King'),
(215, 'chris7640', 'Chris', 'Wright'),
(216, 'alex2180', 'Alex', 'Scott'),
(217, 'alex2179', 'Alex', 'Green'),
(218, 'drew4081', 'Drew', 'Adams'),
(219, 'chris6634', 'Chris', 'Baker'),
(220, 'morgan6638', 'Morgan', 'Gonzalez'),
(221, 'morgan7049', 'Morgan', 'Smith'),
(222, 'jamie6350', 'Jamie', 'Johnson'),
(223, 'chris4286', 'Chris', 'Williams'),
(224, 'jamie2102', 'Jamie', 'Brown'),
(225, 'chris6313', 'Chris', 'Jones'),
(226, 'alex6888', 'Alex', 'Miller'),
(227, 'alex9349', 'Alex', 'Davis'),
(228, 'morgan6701', 'Morgan', 'Garcia'),
(229, 'taylor5128', 'Taylor', 'Rodriguez'),
(230, 'casey4345', 'Casey', 'Wilson'),
(231, 'reese3429', 'Reese', 'Martinez'),
(232, 'jamie3581', 'Jamie', 'Anderson'),
(233, 'jamie2718', 'Jamie', 'Thomas'),
(234, 'morgan7540', 'Morgan', 'Taylor'),
(235, 'alex9644', 'Alex', 'Hernandez'),
(236, 'devon3580', 'Devon', 'Moore'),
(237, 'jamie7607', 'Jamie', 'Martin'),
(238, 'chris7120', 'Chris', 'Jackson'),
(239, 'taylor7602', 'Taylor', 'Thompson'),
(240, 'alex3389', 'Alex', 'White'),
(241, 'chris7435', 'Chris', 'Harris'),
(242, 'jamie6123', 'Jamie', 'Clark'),
(243, 'jamie7610', 'Jamie', 'Robinson'),
(244, 'devon5275', 'Devon', 'Lewis'),
(245, 'chris6176', 'Chris', 'Lee'),
(246, 'jordan9540', 'Jordan', 'Walker'),
(247, 'reese5577', 'Reese', 'Hall'),
(248, 'alex2482', 'Alex', 'Allen'),
(249, 'reese1877', 'Reese', 'Young'),
(250, 'casey8420', 'Casey', 'King'),
(251, 'jamie5073', 'Jamie', 'Wright'),
(252, 'reese7460', 'Reese', 'Scott'),
(253, 'devon4390', 'Devon', 'Green'),
(254, 'taylor2546', 'Taylor', 'Adams'),
(255, 'casey6523', 'Casey', 'Baker'),
(256, 'drew2301', 'Drew', 'Gonzalez'),
(257, 'chris8830', 'Chris', 'Smith'),
(258, 'morgan9067', 'Morgan', 'Johnson'),
(259, 'chris5010', 'Chris', 'Williams'),
(260, 'drew8808', 'Drew', 'Brown'),
(261, 'devon9757', 'Devon', 'Jones'),
(262, 'morgan3167', 'Morgan', 'Miller'),
(263, 'morgan9049', 'Morgan', 'Davis'),
(264, 'casey2680', 'Casey', 'Garcia'),
(265, 'casey3735', 'Casey', 'Rodriguez'),
(266, 'chris8393', 'Chris', 'Wilson'),
(267, 'devon1243', 'Devon', 'Martinez'),
(268, 'alex9267', 'Alex', 'Anderson'),
(269, 'reese2679', 'Reese', 'Thomas'),
(270, 'reese5406', 'Reese', 'Taylor'),
(271, 'alex2973', 'Alex', 'Hernandez'),
(272, 'morgan6623', 'Morgan', 'Moore'),
(273, 'morgan7367', 'Morgan', 'Martin'),
(274, 'alex6346', 'Alex', 'Jackson'),
(275, 'casey7348', 'Casey', 'Thompson'),
(276, 'casey7363', 'Casey', 'White'),
(277, 'chris4079', 'Chris', 'Harris'),
(278, 'jordan5404', 'Jordan', 'Clark'),
(279, 'morgan4574', 'Morgan', 'Robinson'),
(280, 'alex2714', 'Alex', 'Lewis'),
(281, 'morgan1506', 'Morgan', 'Lee'),
(282, 'jamie4081', 'Jamie', 'Walker'),
(283, 'drew2506', 'Drew', 'Hall'),
(284, 'reese1356', 'Reese', 'Allen'),
(285, 'alex6651', 'Alex', 'Young'),
(286, 'alex9444', 'Alex', 'King'),
(287, 'chris6049', 'Chris', 'Wright'),
(288, 'chris7282', 'Chris', 'Scott'),
(289, 'jordan9179', 'Jordan', 'Green'),
(290, 'reese7098', 'Reese', 'Adams'),
(291, 'devon1904', 'Devon', 'Baker'),
(292, 'casey6480', 'Casey', 'Gonzalez'),
(293, 'devon5934', 'Devon', 'Smith'),
(294, 'drew5581', 'Drew', 'Johnson'),
(295, 'alex9144', 'Alex', 'Williams'),
(296, 'jordan9435', 'Jordan', 'Brown'),
(297, 'taylor9843', 'Taylor', 'Jones'),
(298, 'jamie1234', 'Jamie', 'Miller'),
(299, 'devon4321', 'Devon', 'Davis'),
(300, 'casey5678', 'Casey', 'Garcia');

-- Delete all existing reviews
DELETE FROM reviews;

-- Insert 100 new reviews with realistic comments and responses
INSERT INTO reviews (reviewID, userID, productID, rating, reviewDate, comment, retailerID, retailerResponse, retailerDate) VALUES
(1,20, 1, 2, '2025-05-02 11:30:00', 'Not as described, very disappointed', 2, 'We apologize for the inconvenience. Please email us at support@example.com so we can make this right.', '2025-05-03 09:15:00'),
(2, 19, 2, 2, '2025-05-03 12:30:00', 'Average product, does the job but nothing special', 1, 'Thank you for your feedback. We''ll work to improve our product.', '2025-05-04 10:20:00'),
(3, 32, 3, 2, '2025-05-04 13:30:00', 'Great product, exceeded my expectations', 3, 'We''re thrilled you''re happy with your purchase! Thank you for the review.', '2025-05-05 14:45:00'),
(4, 24,4, 2, '2025-05-05 14:30:00', 'Absolutely perfect, would buy again', 3, 'We appreciate your positive feedback! Come back soon for more great products.', '2025-05-06 11:30:00'),
(5, 55, 5, 1, '2025-05-06 15:30:00', 'Terrible quality, broke after 2 days', 4, 'We''re very sorry to hear this. Our quality team will investigate immediately.', '2025-05-07 13:15:00'),
(6, 36, 6, 2, '2025-05-07 16:30:00', 'Not worth the money, poor performance', 2, 'We apologize for your experience. Please contact us for a replacement or refund.', '2025-05-08 10:45:00'),
(7, 76, 7, 3, '2025-05-08 17:30:00', 'It''s okay for the price but could be better', 1, 'Thanks for your honest feedback. We''ll use it to improve future versions.', '2025-05-09 14:20:00'),
(8, 18, 8, 4, '2025-05-09 18:30:00', 'Very good product with minor flaws', 3, 'Glad you''re mostly satisfied! We''ll work on those flaws you mentioned.', '2025-05-10 16:30:00'),
(9, 92, 9, 5, '2025-05-10 19:30:00', 'Excellent quality, fast shipping', 3, 'Thank you for the 5-star review! We appreciate your business.', '2025-05-11 11:15:00'),
(10, 19, 10, 1, '2025-05-11 10:30:00', 'Complete waste of money, avoid this', 4, 'We''re truly sorry to hear this. Please reach out to our support team for resolution.', '2025-05-12 09:30:00'),
(11, 81, 11, 2, '2025-05-12 11:30:00', 'Below average, didn''t meet expectations', 2, 'We apologize for falling short. Your feedback helps us improve.', '2025-05-13 14:45:00'),
(12, 52, 12, 3, '2025-05-13 12:30:00', 'Decent product but overpriced', 1, 'Thank you for your review. We''ll consider your feedback about pricing.', '2025-05-14 10:20:00'),
(13, 63, 13, 4, '2025-05-14 13:30:00', 'Great value for money, works perfectly', 3, 'We''re so happy you''re pleased with your purchase!', '2025-05-15 15:30:00'),
(14, 94, 14, 5, '2025-05-15 14:30:00', 'Best purchase I''ve made this year!', 3, 'Wow! Thanks for the amazing review. We''re honored!', '2025-05-16 11:45:00'),
(15, 45, 15, 1, '2025-05-16 15:30:00', 'Horrible experience, never buying again', 4, 'We''re devastated to hear this. Please contact us so we can make it right.', '2025-05-17 13:15:00'),
(16, 16, 16, 2, '2025-05-17 16:30:00', 'Poor quality materials, fell apart quickly', 2, 'We''re sorry about the quality issues. We''ll address this with our suppliers.', '2025-05-18 10:30:00'),
(17, 17, 17, 3, '2025-05-18 17:30:00', 'Average at best, expected more features', 1, 'Thanks for the feedback. We''ll consider adding those features in updates.', '2025-05-19 14:20:00'),
(18, 18, 18, 4, '2025-05-19 18:30:00', 'Very pleased with this purchase', 3, 'We''re glad you''re happy! Thanks for choosing us.', '2025-05-20 16:45:00'),
(19, 19, 19, 5, '2025-05-20 19:30:00', 'Perfect in every way, highly recommend', 3, 'Thank you for the glowing review and recommendation!', '2025-05-21 11:30:00'),
(20, 20, 20, 1, '2025-05-21 10:30:00', 'Scam product, nothing like advertised', 4, 'We take this very seriously. Our team will investigate immediately.', '2025-05-22 09:45:00'),
(21, 21, 21, 4, '2025-05-22 11:30:00', 'Impressive build quality, very durable', 3, 'We''re delighted you appreciate the quality of our product!', '2025-05-23 14:15:00'),
(22, 22, 22, 2, '2025-05-23 12:30:00', 'Not user-friendly, difficult to setup', 2, 'We''re sorry you had trouble. Our support team can walk you through setup.', '2025-05-24 10:30:00'),
(23, 23, 23, 5, '2025-05-24 13:30:00', 'Exceeded all my expectations', 3, 'We love hearing this! Thank you for your kind words.', '2025-05-25 15:45:00'),
(24, 24, 24, 3, '2025-05-25 14:30:00', 'Good but the instructions were unclear', 1, 'We''ll revise the instructions based on your feedback. Thanks!', '2025-05-26 11:20:00'),
(25, 25, 25, 1, '2025-05-26 15:30:00', 'Arrived damaged and missing parts', 4, 'We sincerely apologize. We''ll send a replacement immediately.', '2025-05-27 13:30:00'),
(26, 26, 26, 4, '2025-05-27 16:30:00', 'Works great and looks stylish too', 3, 'We''re glad you like both the function and design!', '2025-05-28 16:20:00'),
(27, 27, 27, 2, '2025-05-28 17:30:00', 'Stopped working after a week', 2, 'This shouldn''t happen. Please contact us for troubleshooting.', '2025-05-29 10:45:00'),
(28, 28, 28, 5, '2025-05-29 18:30:00', 'Perfect gift, recipient loved it', 3, 'Wonderful! We''re honored to be part of your gift.', '2025-05-30 17:30:00'),
(29, 29, 29, 3, '2025-05-30 19:30:00', 'Does what it should but nothing more', 1, 'We appreciate your honest assessment of our product.', '2025-05-31 14:15:00'),
(30, 30, 30, 4, '2025-05-31 10:30:00', 'Great customer service and product', 3, 'We''ll share your kind words with our support team!', '2025-06-01 11:30:00'),
(31, 31, 31, 1, '2025-06-01 11:30:00', 'Defective right out of the box', 4, 'We''re very sorry about this. We''ll send a replacement ASAP.', '2025-06-02 09:45:00'),
(32, 32, 32, 5, '2025-06-02 12:30:00', 'Worth every penny, fantastic quality', 3, 'We''re thrilled you think so! Thanks for your business.', '2025-06-03 15:30:00'),
(33, 33, 33, 2, '2025-06-03 13:30:00', 'Not as durable as advertised', 2, 'We''ll review our durability claims based on your feedback.', '2025-06-04 10:20:00'),
(34, 34, 34, 4, '2025-06-04 14:30:00', 'Perfect for my needs, very happy', 3, 'We''re so glad it meets your needs perfectly!', '2025-06-05 16:45:00'),
(35, 35, 35, 3, '2025-06-05 15:30:00', 'Good value but could use improvements', 1, 'We appreciate suggestions for improvement. Thank you!', '2025-06-06 14:30:00'),
(36, 36, 36, 5, '2025-06-06 16:30:00', 'Better than I expected, amazing!', 3, 'We love exceeding expectations! Thank you!', '2025-06-07 17:15:00'),
(37, 37, 37, 1, '2025-06-07 17:30:00', 'Complete junk, don''t waste your money', 4, 'We''re deeply sorry you feel this way. Please contact us.', '2025-06-08 13:45:00'),
(38, 38, 38, 4, '2025-06-08 18:30:00', 'High quality and easy to use', 3, 'We''re glad you find it both high quality and user-friendly!', '2025-06-09 16:30:00'),
(39, 39, 39, 2, '2025-06-09 19:30:00', 'Not worth the price, poor materials', 2, 'We''ll review our materials based on your feedback. Thank you.', '2025-06-10 11:20:00'),
(40, 40, 40, 5, '2025-06-10 10:30:00', 'Absolutely flawless, perfect purchase', 3, 'We''re honored by your perfect rating!', '2025-06-11 12:45:00'),
(41, 41, 41, 3, '2025-06-11 11:30:00', 'Meets basic needs but nothing special', 1, 'We appreciate your honest feedback about our product.', '2025-06-12 14:30:00'),
(42, 42, 42, 4, '2025-06-12 12:30:00', 'Very satisfied with this purchase', 3, 'We''re happy to hear you''re satisfied!', '2025-06-13 15:45:00'),
(43, 43, 43, 2, '2025-06-13 13:30:00', 'Difficult to assemble, parts missing', 2, 'We apologize for the assembly issues. Contact us for help.', '2025-06-14 10:15:00'),
(44, 44, 44, 5, '2025-06-14 14:30:00', 'Exceptional quality, worth the wait', 3, 'We''re glad the wait was worth it for you!', '2025-06-15 17:30:00'),
(45, 45, 45, 1, '2025-06-15 15:30:00', 'Broken upon arrival, terrible packaging', 4, 'We''re very sorry about this. We''ll improve packaging.', '2025-06-16 13:45:00'),
(46, 46, 46, 4, '2025-06-16 16:30:00', 'Great for beginners and experts alike', 3, 'We designed it for all skill levels - glad you noticed!', '2025-06-17 16:20:00'),
(47, 47, 47, 3, '2025-06-17 17:30:00', 'Works fine but the app needs work', 1, 'We''re working on app improvements. Thanks for noting this.', '2025-06-18 14:15:00'),
(48, 48, 48, 5, '2025-06-18 18:30:00', 'Perfect addition to my collection', 3, 'We''re honored to be part of your collection!', '2025-06-19 17:45:00'),
(49, 49, 49, 2, '2025-06-19 19:30:00', 'Overpriced for what you get', 2, 'We''ll consider your feedback about pricing. Thank you.', '2025-06-20 11:30:00'),
(50, 50, 50, 4, '2025-06-20 10:30:00', 'Excellent performance, very reliable', 3, 'We''re proud of our product''s reliability. Thank you!', '2025-06-21 12:45:00'),
(51, 51, 51, 1, '2025-06-21 11:30:00', 'Fake product, not authentic', 4, 'We take authenticity very seriously. Please contact us.', '2025-06-22 09:30:00'),
(52, 52, 52, 3, '2025-06-22 12:30:00', 'Average quality, expected better', 1, 'We''ll use your feedback to improve quality.', '2025-06-23 14:20:00'),
(53, 53, 53, 5, '2025-06-23 13:30:00', 'Best in class, superior to competitors', 3, 'We''re thrilled you think we stand above the rest!', '2025-06-24 16:30:00'),
(54, 54, 54, 2, '2025-06-24 14:30:00', 'Poor customer service experience', 2, 'We''re sorry about your service experience. We''ll improve.', '2025-06-25 10:45:00'),
(55, 55, 55, 4, '2025-06-25 15:30:00', 'Very happy with this purchase overall', 3, 'We''re glad you''re happy with your purchase!', '2025-06-26 17:15:00'),
(56, 56, 56, 3, '2025-06-26 16:30:00', 'Good but not great, middle of the road', 1, 'We appreciate your balanced feedback.', '2025-06-27 14:30:00'),
(57, 57, 57, 5, '2025-06-27 17:30:00', 'Exceptional value, highly recommended', 3, 'Thank you for the recommendation!', '2025-06-28 18:45:00'),
(58, 58, 58, 1, '2025-06-28 18:30:00', 'Did not work at all, complete failure', 4, 'We''re very sorry about this. We''ll make it right.', '2025-06-29 13:15:00'),
(59, 59, 59, 4, '2025-06-29 19:30:00', 'Great design and functionality', 3, 'We''re glad you appreciate both design and function!', '2025-06-30 16:30:00'),
(60, 60, 60, 2, '2025-06-30 10:30:00', 'Not durable, broke with normal use', 2, 'We''re sorry about the durability issues. We''ll investigate.', '2025-07-01 11:20:00'),
(61, 61, 61, 5, '2025-07-01 11:30:00', 'Perfect in every way imaginable', 3, 'We''re honored by your perfect rating!', '2025-07-02 14:45:00'),
(62, 62, 62, 3, '2025-07-02 12:30:00', 'Does the job but feels cheap', 1, 'We''ll consider your feedback about materials.', '2025-07-03 15:30:00'),
(63, 63, 63, 4, '2025-07-03 13:30:00', 'Very impressed with the quality', 3, 'We''re glad our quality impressed you!', '2025-07-04 16:45:00'),
(64, 64, 64, 1, '2025-07-04 14:30:00', 'Scammed, product not as shown', 4, 'We take this seriously and will investigate immediately.', '2025-07-05 13:30:00'),
(65, 65, 65, 4, '2025-07-05 15:30:00', 'Great purchase, no complaints', 3, 'We love hearing you have no complaints!', '2025-07-06 17:15:00'),
(66, 66, 66, 2, '2025-07-06 16:30:00', 'Not worth the hype, mediocre', 2, 'We''re sorry we didn''t meet your expectations.', '2025-07-07 11:30:00'),
(67, 67, 67, 5, '2025-07-07 17:30:00', 'Worth every cent, fantastic product', 3, 'We''re thrilled you think it''s worth every cent!', '2025-07-08 18:45:00'),
(68, 68, 68, 3, '2025-07-08 18:30:00', 'Okay but not worth full price', 1, 'We''ll consider your feedback about pricing.', '2025-07-09 15:30:00'),
(69, 69, 69, 4, '2025-07-09 19:30:00', 'Very happy with this purchase', 3, 'We''re glad you''re happy with your purchase!', '2025-07-10 17:30:00'),
(70, 70, 70, 1, '2025-07-10 10:30:00', 'Defective and customer service was rude', 4, 'We''re deeply sorry about this experience.', '2025-07-11 09:45:00'),
(71, 71, 71, 5, '2025-07-11 11:30:00', 'Perfect gift, recipient was thrilled', 3, 'We''re honored to be part of your gift!', '2025-07-12 14:30:00'),
(72, 72, 72, 2, '2025-07-12 12:30:00', 'Stopped working after 3 uses', 2, 'We''re sorry about this. We''ll replace it immediately.', '2025-07-13 10:15:00'),
(73, 73, 73, 4, '2025-07-13 13:30:00', 'Excellent product, fast shipping', 3, 'We''re glad you''re happy with both product and shipping!', '2025-07-14 16:30:00'),
(74, 74, 74, 3, '2025-07-14 14:30:00', 'Good but the color was different', 1, 'We''ll check our color representations. Thanks for noting.', '2025-07-15 14:45:00'),
(75, 75, 75, 5, '2025-07-15 15:30:00', 'Absolutely love it, perfect fit', 3, 'We''re thrilled it''s a perfect fit for you!', '2025-07-16 17:15:00'),
(76, 76, 76, 1, '2025-07-16 16:30:00', 'Worst purchase I''ve ever made', 4, 'We''re devastated to hear this. Please contact us.', '2025-07-17 13:30:00'),
(77, 77, 77, 4, '2025-07-17 17:30:00', 'Great value, works perfectly', 3, 'We''re glad you find it both valuable and functional!', '2025-07-18 18:45:00'),
(78, 78, 78, 2, '2025-07-18 18:30:00', 'Cheap materials, not durable', 2, 'We''ll review our materials based on your feedback.', '2025-07-19 11:30:00'),
(79, 79, 79, 5, '2025-07-19 19:30:00', 'Exceeded all my expectations', 3, 'We love exceeding expectations! Thank you!', '2025-07-20 17:30:00'),
(80, 80, 80, 3, '2025-07-20 10:30:00', 'Average product, nothing special', 1, 'We appreciate your honest assessment.', '2025-07-21 14:20:00'),
(81, 81, 81, 4, '2025-07-21 11:30:00', 'Very happy with the quality', 3, 'We''re glad you''re happy with the quality!', '2025-07-22 15:45:00'),
(82, 82, 82, 2, '2025-07-22 12:30:00', 'Not as durable as expected', 2, 'We''re sorry about the durability. We''ll investigate.', '2025-07-23 10:30:00'),
(83, 83, 83, 5, '2025-07-23 13:30:00', 'Perfect in every way possible', 3, 'We''re honored by your perfect rating!', '2025-07-24 16:45:00'),
(84, 84, 84, 1, '2025-07-24 14:30:00', 'Complete junk, don''t bother', 4, 'We''re very sorry you feel this way. Please contact us.', '2025-07-25 13:15:00'),
(85, 85, 85, 4, '2025-07-25 15:30:00', 'Great product, very satisfied', 3, 'We''re happy to hear you''re satisfied!', '2025-07-26 17:30:00'),
(86, 86, 86, 3, '2025-07-26 16:30:00', 'Good but the instructions were poor', 1, 'We''ll improve our instructions based on your feedback.', '2025-07-27 14:45:00'),
(87, 87, 87, 5, '2025-07-27 17:30:00', 'Exceptional quality, worth every penny', 3, 'We''re glad you find it worth the investment!', '2025-07-28 18:45:00'),
(88, 88, 88, 2, '2025-07-28 18:30:00', 'Broke after minimal use', 2, 'We''re sorry about this. We''ll send a replacement.', '2025-07-29 11:30:00'),
(89, 89, 89, 4, '2025-07-29 19:30:00', 'Very pleased with this purchase', 3, 'We''re glad you''re pleased with your purchase!', '2025-07-30 17:15:00'),
(90, 90, 90, 3, '2025-07-30 10:30:00', 'Does the job but feels flimsy', 1, 'We''ll consider your feedback about sturdiness.', '2025-07-31 14:20:00'),
(91, 91, 91, 5, '2025-07-31 11:30:00', 'Perfect gift, recipient loved it', 3, 'We''re honored to be part of your gift!', '2025-08-01 15:45:00'),
(92, 92, 92, 1, '2025-08-01 12:30:00', 'Arrived damaged and unusable', 4, 'We''re very sorry about this. We''ll replace it immediately.', '2025-08-02 09:30:00'),
(93, 93, 93, 4, '2025-08-02 13:30:00', 'Excellent quality, very durable', 3, 'We''re proud of our product''s durability. Thank you!', '2025-08-03 16:30:00'),
(94, 94, 94, 2, '2025-08-03 14:30:00', 'Not user-friendly, frustrating', 2, 'We''re sorry about the user experience. We''ll improve.', '2025-08-04 10:45:00'),
(95, 95, 95, 5, '2025-08-04 15:30:00', 'Best purchase I''ve made all year', 3, 'We''re honored to be your best purchase this year!', '2025-08-05 17:15:00'),
(96, 96, 96, 3, '2025-08-05 16:30:00', 'Average quality, expected better', 1, 'We''ll use your feedback to improve quality.', '2025-08-06 14:30:00'),
(97, 97, 97, 4, '2025-08-06 17:30:00', 'Very happy with this product', 3, 'We''re glad you''re happy with our product!', '2025-08-07 18:45:00'),
(98, 98, 98, 1, '2025-08-07 18:30:00', 'Complete waste of money', 4, 'We''re very sorry you feel this way. Please contact us.', '2025-08-08 13:15:00'),
(99, 99, 99, 5, '2025-08-08 19:30:00', 'Perfect in every way, amazing', 3, 'We''re thrilled you think it''s amazing!', '2025-08-09 17:30:00'),
(100, 100, 100, 4, '2025-08-09 10:30:00', 'Great product, would recommend', 3, 'We appreciate your recommendation!', '2025-08-10 12:45:00');


-- Insert 200 South African grocery store brands
DELETE from brands;

INSERT INTO brands (brandID, brandName) VALUES
(6, 'Shoprite'),
(7, 'Pick n Pay No Name Brand'),
(8, 'Checkers'),
(9, 'Woolworths Food'),
(10, 'Spar'),
(11, 'Food Lovers Market'),
(12, 'Fruit & Veg City'),
(13, 'OK Foods'),
(14, 'Boxer'),
(15, 'USave'),
(16, 'Cambridge Food'),
(17, 'Choppies'),
(18, 'Makro'),
(19, 'Game'),
(20, 'Massmart'),
(21, 'Rhodes Food Group'),
(22, 'Tiger Brands'),
(23, 'Pioneer Foods'),
(24, 'Clover'),
(25, 'Rainbow Chicken'),
(26, 'RCL Foods'),
(27, 'Astral Foods'),
(28, 'AVI'),
(29, 'Libstar'),
(30, 'Premier FMCG'),
(31, 'Lancewood'),
(32, 'Simba'),
(33, 'Bakers'),
(34, 'Willards'),
(35, 'Ceres'),
(36, 'Robertsons'),
(37, 'KOO'),
(38, 'All Gold'),
(39, 'Lucky Star'),
(40, 'Sasko'),
(41, 'Albany'),
(42, 'Blue Ribbon'),
(43, 'Sunbake'),
(44, 'Tastic'),
(45, 'White Star'),
(46, 'Jungle Oats'),
(47, 'Bokomo'),
(48, 'Pronutro'),
(49, 'Futurelife'),
(50, 'Nestl South Africa'),
(51, 'Unilever South Africa'),
(52, 'Coca-Cola Beverages Africa'),
(53, 'PepsiCo South Africa'),
(54, 'Kelloggs South Africa'),
(55, 'Danone South Africa'),
(56, 'McCain South Africa'),
(57, 'Nestl Pure Life'),
(58, 'Laager'),
(59, 'Five Roses'),
(60, 'Frisco'),
(61, 'Ricoffy'),
(62, 'Freshpak'),
(63, 'Joko'),
(64, 'Lipton'),
(65, 'Twinnings'),
(66, 'Nescaf'),
(67, 'Milo'),
(68, 'Nesquik'),
(69, 'Maggie'),
(70, 'Knorr'),
(71, 'Royco'),
(72, 'Ina Paarman'),
(73, 'Mrs Balls'),
(74, 'Nola'),
(75, 'Peppadew'),
(76, 'Golden Cloud'),
(77, 'Huletts'),
(78, 'Selati'),
(79, 'Illovo'),
(80, 'Rama'),
(81, 'Stork'),
(82, 'Flora'),
(83, 'Holsum'),
(84, 'Sparletta'),
(85, 'Laager Rooibos'),
(86, 'Cremora'),
(87, 'Colette'),
(88, 'Ouma'),
(89, 'Beacon'),
(90, 'PS'),
(91, 'Lindsay'),
(92, 'Yum Yum'),
(93, 'Lays'),
(94, 'Doritos'),
(95, 'ranbo'),
(96, 'Fritos'),
(97, 'Cheetos'),
(98, 'Big Korn Bites'),
(99, 'Ghost Pops'),
(100, 'Lunch Bar'),
(101, 'Bar One'),
(102, 'Crunchie'),
(103, 'Tex'),
(104, 'Top Deck'),
(105, 'Kit Kat'),
(106, 'Aero'),
(107, 'Smarties'),
(108, 'Rolo'),
(109, 'Quality Street'),
(110, 'Bakers Biscuits'),
(111, 'Tennis'),
(112, 'Eet-Sum-Mor'),
(113, 'Marie'),
(114, 'Romany Creams'),
(115, 'Oatso Easy'),
(116, 'ProNudsctro'),
(117, 'Weet-Bix'),
(118, 'Future Life'),
(119, 'Soya Life'),
(120, 'Sasko Bread'),
(121, 'Albany Bread'),
(122, 'Blue Ribbon Bread'),
(123, 'Sunbake Bread'),
(124, 'Tastic Rice'),
(125, 'Spekko Rice'),
(126, 'Tiger Brands Rice'),
(127, 'Black Cat Peanut Butter'),
(128, 'Yum Yum Peanut Butter');


INSERT IGNORE INTO products (productID, productName, description , brandID, categoryID, imageURL, specifications) VALUES
(11, 'Shoprite White Bread', '800g sliced white bread', 6, 6, '/groceries/shopritewhitebread.jpg', '{"weight":"800g","type":"white","slices":"18"}'),
(12, 'Pick n Pay Brown Bread', '700g whole wheat bread', 7, 6, '/groceries/pnpbrownbread.jpg', '{"weight":"700g","type":"brown","slices":"16"}'),
(13, 'Checkers Rye Bread', '750g rye loaf', 8, 6, '/groceries/checkersryebread.jpg', '{"weight":"750g","type":"rye","slices":"14"}'),
(14, 'Woolworths Seed Bread', '600g seeded artisan loaf', 9, 6, '/groceries/woolworthsseedbread.jpg', '{"weight":"600g","type":"seeded","slices":"12"}'),
(15, 'Spar Low GI Bread', '800g low glycemic index bread', 10, 6, '/groceries/sparlowgibread.jpg', '{"weight":"800g","type":"low GI","slices":"16"}'),
(16, 'Tastic Long Grain Rice', '5kg premium long grain rice', 124, 7, '/groceries/tasticlonggrainrice.jpg', '{"weight":"5kg","type":"long grain","cooking":"20min"}'),
(17, 'Spekko Royal Umbrella Rice', '2kg fragrant jasmine rice', 125, 7, '/groceries/spekkoroyalrice.jpg', '{"weight":"2kg","type":"jasmine","cooking":"15min"}'),
(18, 'KOO Baked Beans', '410g can in tomato sauce', 37, 8, '/groceries/koobakedbeans.jpg', '{"weight":"410g","flavor":"tomato","servings":"2"}'),
(19, 'All Gold Tomato Sauce', '500g bottle', 38, 8, '/groceries/allgoldtomatosauce.jpg', '{"weight":"500g","type":"tomato","spiciness":"mild"}'),
(20, 'Lucky Star Pilchards', '400g can in tomato sauce', 39, 7, '/groceries/luckstarpilards.jpg', '{"weight":"400g","type":"pilchards","servings":"2"}'),
(21, 'Nestl Ricoffy', '500g instant coffee', 61, 3, '/groceries/recoffe.jpg', '{"weight":"500g","type":"instant","cups":"100"}'),
(22, 'Five Roses Tea', '100 tea bags', 59, 4, '/groceries/fiverosestea.jpg', '{"count":"100","type":"black","caffeine":"medium"}'),
(23, 'Ceres 100% Juice', '1L apple juice', 35, 4, '/groceries/ceresapplejuice.jpg', '{"volume":"1L","flavor":"apple","sugar":"no added"}'),
(24, 'Sparletta Cream Soda', '2L bottle', 84, 3, '/groceries/sparlettacreamsoda.jpg', '{"volume":"2L","flavor":"cream soda","sugar":"high"}'),
(25, 'Simba Chips', '150g salted chips', 32, 5, '/groceries/simbssalt.jpg', '{"weight":"150g","flavor":"original","spiciness":"none"}'),
(26, 'Lays Classic Chips', '125g potato chips', 93, 6, '/groceries/laysclassic.jpg', '{"weight":"125g","flavor":"classic","spiciness":"none"}'),
(27, 'Ouma Rusks', '500g traditional rusks', 88, 6, '/groceries/oumarusks.jpg', '{"weight":"500g","flavor":"original","count":"20"}'),
(28, 'Pronutro Chocolate', '750g breakfast cereal', 48, 2, '/groceries/pronutrohocolates.jpg', '{"weight":"750g","flavor":"chocolate","servings":"15"}'),
(29, 'Weet-Bix', '1.5kg whole wheat biscuits', 117, 3, '/groceries/weetbix.jpg', '{"weight":"1.5kg","type":"whole wheat","servings":"30"}'),
(30, 'Clover Full Cream Milk', '2L fresh milk', 24, 8, '/groceries/cloverfullcreammilk.jpg', '{"volume":"2L","type":"full cream","fat":"3.5%"}'),
(31, 'Sasko Self-Raising Flour', '2.5kg baking flour', 40, 4, '/groceries/saskoselfraisingflour.jpg', '{"weight":"2.5kg","type":"self-raising","protein":"10g"}'),
(32, 'Robertsons Spice Mix', '50g chicken spice', 36, 5, '/groceries/robertsonsmixedspices.jpg', '{"weight":"50g","flavor":"chicken","salt":"low"}'),
(33, 'Knorr Chicken Stock', '100g cubes', 70, 5, '/groceries/knorrchickenstock.jpg', '{"weight":"100g","flavor":"chicken","cubes":"20"}'),
(34, 'Mrs Balls Chutney', '250g original recipe', 73, 6, '/groceries/mrsballschutneyorigional.jpg', '{"weight":"250g","flavor":"original","spice":"mild"}'),
(35, 'Black Cat Peanut Butter', '400g smooth', 127, 6, '/groceries/blackcatpeanutbutter.jpg', '{"weight":"400g","type":"smooth","peanuts":"100%"}'),
(36, 'Albany Sliced Brown Bread', '700g pre-sliced loaf', 121, 6, '/groceries/albanybrownbread.jpg', '{"weight":"700g","type":"brown","slices":"16"}'),
(37, 'Sunbake White Bread', '800g standard loaf', 123, 6, '/groceries/sunbakewhitebread.jpg', '{"weight":"800g","type":"white","slices":"18"}'),
(38, 'Tiger Brands Basmati Rice', '2kg premium basmati', 126, 7, '/groceries/basmatirice.jpg', '{"weight":"2kg","type":"basmati","cooking":"15min"}'),
(39, 'KOO Sweetcorn', '410g can', 37, 8, '/groceries/koosweetcorn.jpg', '{"weight":"410g","type":"sweetcorn","servings":"2"}'),
(40, 'All Gold Mayonnaise', '250g jar', 38, 8, '/groceries/allgoldmayno.jpg', '{"weight":"250g","type":"mayonnaise","fat":"70%"}'),
(41, 'Lucky Star Tuna', '170g can in brine', 39, 3, '/groceries/luckystartuna.jpg', '{"weight":"170g","type":"tuna","servings":"1"}'),
(42, 'Frisco Coffee', '250g instant', 60, 5, '/groceries/friscocoffee.jpg', '{"weight":"250g","type":"instant","cups":"50"}'),
(43, 'Laager Rooibos Tea', '40 tea bags', 85, 5, '/groceries/laagerrooibos.jpg', '{"count":"40","type":"rooibos","caffeine":"none"}'),
(44, 'Ceres Orange Juice', '1L pure juice', 35, 6, '/groceries/juice_ceres_orange.jpg', '{"volume":"1L","flavor":"orange","sugar":"no added"}'),
(45, 'Sparletta Sparberry', '2L bottle', 84, 7, '/groceries/sparlettasparberry.jpg', '{"volume":"2L","flavor":"sparberry","sugar":"high"}'),
(46, 'Simba Salt & Vinegar', '150g chips', 32, 7, '/groceries/simbasaltandvinegar.jpg', '{"weight":"150g","flavor":"salt & vinegar","spiciness":"mild"}'),
(47, 'Lays Cheese & Onion', '125g chips', 93, 6, '/groceries/layscheeseandonion.jpg', '{"weight":"125g","flavor":"cheese & onion","spiciness":"none"}'),
(48, 'Ouma Buttermilk Rusks', '500g pack', 88, 2, '/groceries/oumabuttermilkrusks.jpg', '{"weight":"500g","flavor":"buttermilk","count":"20"}'),
(49, 'Pronutro Banana', '750g cereal', 48, 1, '/groceries/pronutrobanana.jpg', '{"weight":"750g","flavor":"banana","servings":"15"}'),
(50, 'Weet-Bix Bites', '500g chocolate cereal', 117, 1, '/groceries/weetbixbites.jpg', '{"weight":"500g","flavor":"chocolate","servings":"10"}'),
(51, 'Clover Low Fat Milk', '2L fresh milk', 24, 1, '/groceries/cloverlowfatimilk.jpg', '{"volume":"2L","type":"low fat","fat":"1.5%"}'),
(52, 'Sasko Cake Flour', '1kg baking flour', 40, 8, '/groceries/saskcakeflour.jpg', '{"weight":"1kg","type":"cake","protein":"8g"}'),
(53, 'Robertsons Barbecue Spice', '50g mix', 36, 1, '/groceries/robertsonsbsrbecuespice.jpg', '{"weight":"50g","flavor":"barbecue","salt":"medium"}'),
(54, 'Knorr Beef Stock', '100g cubes', 70, 1, '/groceries/stock_knorr_beef.jpg', '{"weight":"100g","flavor":"beef","cubes":"20"}'),
(55, 'Mrs Balls Peach Chutney', '250g jar', 73, 2, '/groceries/mrsballspeachchutney.jpg', '{"weight":"250g","flavor":"peach","spice":"mild"}'),
(56, 'Black Cat Crunchy Peanut Butter', '400g jar', 127, 2, '/groceries/blackcatcrunchypeanutbutter.jpg', '{"weight":"400g","type":"crunchy","peanuts":"100%"}'),
(57, 'Shoprite Brown Bread', '800g sliced brown bread', 6, 6, '/groceries/shopritebrownbread.jpg', '{"weight":"800g","type":"brown","slices":"18"}'),
(58, 'Pick n P hoay Low GI Bread', '700g loaf', 7, 6, '/groceries/pnplowgibread.jpg', '{"weight":"700g","type":"low GI","slices":"16"}'),
(59, 'Checkers White Bread', '750g standard loaf', 8, 6, '/groceries/checkerswhitebread.jpg', '{"weight":"750g","type":"white","slices":"16"}'),
(60, 'Woolworths Sourdough', '600g artisan loaf', 9, 6, '/groceries/woolworthssourdough.jpg', '{"weight":"600g","type":"sourdough","slices":"12"}'),
(61, 'Spar Whole Wheat Bread', '800g healthy loaf', 10, 6, '/groceries/sparwholewheatbread.jpg', '{"weight":"800g","type":"whole wheat","slices":"16"}'),
(62, 'Tastic Brown Rice', '2kg healthy option', 124, 7, '/groceries/tasticbrownrice.jpg', '{"weight":"2kg","type":"brown","cooking":"30min"}'),
(63, 'Spekko Calrose Rice', '5kg medium grain', 125, 7, '/groceries/spekkocalroserice.jpg', '{"weight":"5kg","type":"medium grain","cooking":"20min"}'),
(64, 'KOO Chakalaka', '410g spicy vegetable mix', 37, 8, '/groceries/koochakalaka.jpg', '{"weight":"410g","flavor":"spicy","servings":"2"}'),
(65, 'All Gold Sweet Chilli Sauce', '250g bottle', 38, 2, '/groceries/allgoldsweetchillisauce.jpg', '{"weight":"250g","type":"sweet chilli","spiciness":"medium"}'),
(66, 'Lucky Star Mackerel', '400g can in tomato sauce', 39, 1, '/groceries/luckystarmackerel.jpg', '{"weight":"400g","type":"mackerel","servings":"2"}'),
(67, 'Nescaf Classic', '200g instant coffee', 66, 1, '/groceries/nescafeclasssic.jpg', '{"weight":"200g","type":"instant","cups":"100"}'),
(68, 'Five Roses Green Tea', '40 tea bags', 59, 1, '/groceries/fiverosesgreentea.jpg', '{"count":"40","type":"green","caffeine":"low"}'),
(69, 'Ceres Grape Juice', '1L pure juice', 35, 2, '/groceries/ceresgrapejuice.jpg', '{"volume":"1L","flavor":"grape","sugar":"no added"}'),
(70, 'Sparletta Iron Brew', '2L bottle', 84, 3, '/groceries/sparlettaironbrew.jpg', '{"volume":"2L","flavor":"iron brew","sugar":"high"}'),
(71, 'Simba Cheese & Onion', '150g chips', 32, 4, '/groceries/simbacheeseandonion.jpg', '{"weight":"150g","flavor":"cheese & onion","spiciness":"none"}'),
(72, 'Lays Sweet Chilli', '125g chips', 93, 4, '/groceries/layssweetchilli.jpg', '{"weight":"125g","flavor":"sweet chilli","spiciness":"mild"}'),
(73, 'Ouma Muesli Rusks', '500g pack', 88, 5, '/groceries/oumamueslirusks.jpg', '{"weight":"500g","flavor":"muesli","count":"20"}'),
(74, 'Pronutro Strawberry', '750g cereal', 48, 6, '/groceries/pronutrostrawberry.jpg', '{"weight":"750g","flavor":"strawberry","servings":"15"}'),
(75, 'Weet-Bix Kids', '500g chocolate cereal', 117, 6, '/groceries/weetbixkids.jpg', '{"weight":"500g","flavor":"chocolate","servings":"10"}'),
(76, 'Clover Lactose Free Milk', '1L fresh milk', 24, 7, '/groceries/cloverlactosefreemilk.jpg', '{"volume":"1L","type":"lactose free","fat":"2%"}'),
(77, 'Sasko Whole Wheat Flour', '2.5kg baking flour', 40, 8, '/groceries/saskowholewheatflour.jpg', '{"weight":"2.5kg","type":"whole wheat","protein":"12g"}'),
(78, 'Robertsons Steak & Chips Spice', '50g mix', 36, 6, '/groceries/robertsonssteakandchopsspice.jpg', '{"weight":"50g","flavor":"steak & chips","salt":"medium"}'),
(79, 'Knorr Vegetable Stock', '100g cubes', 70, 7, '/groceries/knorrvegstock.jpg', '{"weight":"100g","flavor":"vegetable","cubes":"20"}'),
(80, 'Mrs Balls Hot Chutney', '250g jar', 73, 8, '/groceries/mrsballshotchutney.jpg', '{"weight":"250g","flavor":"hot","spice":"high"}'),
(81, 'Yum Yum Peanut Butter', '400g smooth', 128, 1, '/groceries/yumyumsmoothpeanutbutter.jpg', '{"weight":"400g","type":"smooth","peanuts":"100%"}'),
(82, 'Shoprite Whole Wheat Bread', '800g healthy option', 6, 6, '/groceries/shopritewholewheatbread.jpg', '{"weight":"800g","type":"whole wheat","slices":"18"}'),
(83, 'Pick n Pay Rye Bread', '700g loaf', 7, 6, '/groceries/pnpryebread.jpg', '{"weight":"700g","type":"rye","slices":"14"}'),
(84, 'Checkers Seed Bread', '750g seeded loaf', 8, 6, '/groceries/checkersseedbread.jpg', '{"weight":"750g","type":"seeded","slices":"16"}'),
(85, 'Woolworths Gluten Free Bread', '500g loaf', 9, 6, '/groceries/woolworthsglutenfreebread.jpg', '{"weight":"500g","type":"gluten free","slices":"12"}'),
(86, 'Spar Low Carb Bread', '600g loaf', 10, 6, '/groceries/sparlowcarbbread.jpg', '{"weight":"600g","type":"low carb","slices":"14"}'),
(87, 'Tastic Jasmine Rice', '2kg fragrant rice', 124, 7, '/groceries/tasticjasminerice.jpg', '{"weight":"2kg","type":"jasmine","cooking":"15min"}'),
(88, 'Spekko Sushi Rice', '1kg premium rice', 125, 7, '/groceries/spekkosushirice.jpg', '{"weight":"1kg","type":"sushi","cooking":"20min"}'),
(89, 'KOO Baked Beans in BBQ Sauce', '410g can', 37, 8, '/groceries/koobeanschillisauce.jpg', '{"weight":"410g","flavor":"BBQ","servings":"2"}'),
(90, 'All Gold Tomato Relish', '250g jar', 38, 8, '/groceries/allgoldbraairelish.jpg', '{"weight":"250g","type":"relish","spiciness":"mild"}'),
(91, 'Lucky Star Sardines', '155g can in chilli sauce', 39, 1, '/groceries/luckystarsardines.jpg', '{"weight":"155g","type":"sardines","servings":"1"}'),
(92, 'Ricoffy Cappuccino', '200g instant mix', 61, 1, '/groceries/ricoffycappuccino.jpg', '{"weight":"200g","type":"cappuccino","cups":"20"}'),
(93, 'Five Roses Chamomile Tea', '40 tea bags', 59, 1, '/groceries/fiveroseschamomiletea.jpg', '{"count":"40","type":"chamomile","caffeine":"none"}'),
(94, 'Ceres Mango Juice', '1L pure juice', 35, 1, '/groceries/jceresmangojuice.jpg', '{"volume":"1L","flavor":"mango","sugar":"no added"}'),
(95, 'Sparletta Lemon Twist', '2L bottle', 84, 1, '/groceries/sparlettatwist.jpg', '{"volume":"2L","flavor":"lemon","sugar":"high"}'),
(96, 'Simba Tomato Sauce', '150g chips', 32, 4, '/groceries/simbatomatosauce.jpg', '{"weight":"150g","flavor":"tomato sauce","spiciness":"none"}'),
(97, 'Lays Salted', '125g chips', 93, 4, '/groceries/layssaltandvinegar.jpg', '{"weight":"125g","flavor":"salted","spiciness":"none"}'),
(98, 'Ouma Aniseed Rusks', '500g pack', 88, 5, '/groceries/oumaaniseedrusks.jpg', '{"weight":"500g","flavor":"aniseed","count":"20"}'),
(99, 'Pronutro Honey', '750g cereal', 48, 6, '/groceries/pronutrohoney.jpg', '{"weight":"750g","flavor":"honey","servings":"15"}'),
(100, 'Weet-Bix Protein', '750g high protein cereal', 117, 6, '/groceries/weetbixprotein.jpg', '{"weight":"750g","type":"high protein","servings":"15"}'),
(101, 'Clover Amasi', '1L traditional fermented milk', 24, 7, '/groceries/cloveramasi.jpg', '{"volume":"1L","type":"fermented","fat":"3%"}'),
(102, 'Sasko Bread Flour', '2.5kg strong flour', 40, 8, '/groceries/saskobreadflour.jpg', '{"weight":"2.5kg","type":"bread","protein":"13g"}'),
(103, 'Robertsons Chicken Spice', '50g mix', 36, 1, '/groceries/robertsonschichenspice.jpg', '{"weight":"50g","flavor":"chicken","salt":"low"}'),
(104, 'Knorr Chicken & Mushroom Soup', '50g sachet', 70, 1, '/groceries/knorchicken&mushroomsoup.jpg', '{"weight":"50g","flavor":"chicken & mushroom","servings":"4"}'),
(105, 'Mrs Balls Tomato Relish', '250g jar', 73, 2, '/groceries/mrsballschutneytomato.jpg', '{"weight":"250g","flavor":"tomato","spice":"mild"}'),
(106, 'Yum Yum Crunchy Peanut Butter', '400g jar', 128, 2, '/groceries/yumyumcrunchypeanutbutter.jpg', '{"weight":"400g","type":"crunchy","peanuts":"100%"}'),
(107, 'Shoprite Low GI Bread', '800g healthy option', 6, 6, '/groceries/shopritelowgibread.jpg', '{"weight":"800g","type":"low GI","slices":"18"}'),
(108, 'Pick n Pay Whole Wheat Bread', '700g loaf', 7, 6, '/groceries/pnpwholewheatbread.jpg', '{"weight":"700g","type":"whole wheat","slices":"16"}'),
(109, 'Checkers Low Carb Bread', '750g loaf', 8, 6, '/groceries/checkerslowcarbbread.jpg', '{"weight":"750g","type":"low carb","slices":"16"}'),
(110, 'Woolworths Baguette', '300g French bread', 9, 6, '/groceries/woolworthsbaguette.jpg', '{"weight":"300g","type":"baguette","slices":"n/a"}'),
(111, 'Spar Rye Bread', '600g loaf', 10, 6, '/groceries/sparryebread.jpg', '{"weight":"600g","type":"rye","slices":"14"}'),
(112, 'Tastic Wild Rice', '500g premium blend', 124, 7, '/groceries/tasticwildrice.jpg', '{"weight":"500g","type":"wild","cooking":"25min"}'),
(113, 'Spekko Brown Rice', '2kg healthy option', 125, 7, '/groceries/spekkobrownrice.jpg', '{"weight":"2kg","type":"brown","cooking":"30min"}'),
(114, 'KOO Four Bean Mix', '410g can', 37, 8, '/groceries/koofourbeanmix.jpg', '{"weight":"410g","flavor":"mixed beans","servings":"2"}'),
(115, 'All Gold Peri-Peri Sauce', '250g bottle', 38, 8, '/groceries/allgoldperiperi.jpg', '{"weight":"250g","type":"peri-peri","spiciness":"hot"}'),
(116, 'Lucky Star Curry Powder', '50g tin', 39, 1, '/groceries/luckystarcurrypowder.jpg', '{"weight":"50g","flavor":"curry","spiciness":"medium"}'),
(117, 'Nescaf Gold', '100g premium instant coffee', 66, 1, '/groceries/nescafegold.jpg', '{"weight":"100g","type":"premium","cups":"50"}'),
(118, 'Five Roses Rooibos Tea', '40 tea bags', 59, 1, '/groceries/fiverosesrooibostea.jpg', '{"count":"40","type":"rooibos","caffeine":"none"}'),
(119, 'Ceres Tropical Juice', '1L mixed fruit juice', 35, 2, '/groceries/cerestropicaljuice.jpg', '{"volume":"1L","flavor":"tropical","sugar":"no added"}'),
(120, 'Sparletta Granadilla', '2L bottle', 84, 3, '/groceries/sparlettagranedilla.jpg', '{"volume":"2L","flavor":"granadilla","sugar":"high"}'),
(121, 'Simba Sweet Chilli', '150g chips', 32, 4, '/groceries/simbasweetchilli.jpg', '{"weight":"150g","flavor":"sweet chilli","spiciness":"mild"}'),
(122, 'Lays Sour Cream & Onion', '125g chips', 93, 4, '/groceries/layssourcreamandoin.jpg', '{"weight":"125g","flavor":"sour cream & onion","spiciness":"none"}'),
(123, 'Ouma Coconut Rusks', '500g pack', 88, 5, '/groceries/oumacoconutrusks.jpg', '{"weight":"500g","flavor":"coconut","count":"20"}'),
(124, 'Pronutro Vanilla', '750g cereal', 48, 6, '/groceries/pronutrovanilla.jpg', '{"weight":"750g","flavor":"vanilla","servings":"15"}'),
(125, 'Weet-Bix Oatbix', '750g oat cereal', 117, 6, '/groceries/weetbixoatbix.jpg', '{"weight":"750g","type":"oat","servings":"15"}'),
(126, 'Clover Steri Stumpie', '200ml flavored milk', 24, 7, '/groceries/cloversteristumpiechocolate.jpg', '{"volume":"200ml","flavor":"strawberry","fat":"2%"}'),
(127, 'Sasko Pasta Flour', '1kg specialty flour', 40, 8, '/groceries/saskopastaflour.jpg', '{"weight":"1kg","type":"pasta","protein":"12g"}'),
(128, 'Robertsons Portuguese chicken Spice', '50g mix', 36, 1, '/groceries/robertsonspotuguesechickenspice.jpg', '{"weight":"50g","flavor":"barbecue","salt":"medium"}'),
(129, 'Knorr Tomato Soup', '50g sachet', 70, 1, '/groceries/knorrtomatosoup.jpg', '{"weight":"50g","flavor":"tomato","servings":"4"}'),
(130, 'Mrs Balls Original Chutney', '750g jar', 73, 2, '/groceries/mrsballsorigionslchutney.jpg', '{"weight":"750g","flavor":"original","spice":"mild"}'),
(131, 'Lilys Peanut Butter', '400g smooth', 129, 2, '/groceries/lilyspeanutbutter.jpg', '{"weight":"400g","type":"smooth","peanuts":"100%"}'),
(132, 'Shoprite Rye Bread', '800g loaf', 6, 6, '/groceries/shopriteryebread.jpg', '{"weight":"800g","type":"rye","slices":"18"}'),
(133, 'Pick n Pay Low Carb Bread', '700g loaf', 7, 6, '/groceries/pnplowcarbbread.jpg', '{"weight":"700g","type":"low carb","slices":"14"}'),
(134, 'Checkers Gluten Free Bread', '500g loaf', 8, 6, '/groceries/checkersglutenfreebreaf.jpg', '{"weight":"500g","type":"gluten free","slices":"12"}'),
(135, 'Woolworths Ciabatta', '400g Italian bread', 9, 6, '/groceries/woolwothsciabatta.jpg', '{"weight":"400g","type":"ciabatta","slices":"n/a"}'),
(136, 'Spar French Loaf', '500g fresh bread', 10, 6, '/groceries/sparfrenchloaf.jpg', '{"weight":"500g","type":"French","slices":"n/a"}'),
(137, 'Tastic Samp & Beans', '1kg traditional mix', 124, 7, '/groceries/tasticsamp&beans.jpg', '{"weight":"1kg","type":"samp & beans","cooking":"60min"}'),
(138, 'Spekko Arborio Rice', '500g risotto rice', 125, 7, '/groceries/spekkoarboriorice.jpg', '{"weight":"500g","type":"arborio","cooking":"20min"}'),
(139, 'KOO Kidney Beans', '410g can', 37, 8, '/groceries/kookidneybeans.jpg', '{"weight":"410g","flavor":"kidney beans","servings":"2"}'),
(140, 'All Gold Tomato & Basil Pasta Sauce', '500g jar', 38, 8, '/groceries/allgoldtomato&basilsauce.jpg', '{"weight":"500g","type":"tomato & basil","spiciness":"none"}'),
(141, 'Lucky Star Curry Powder Hot', '50g tin', 39, 1, '/groceries/luckystarcurrypowderhot.jpg', '{"weight":"50g","flavor":"curry","spiciness":"hot"}'),
(142, 'Ricoffy Decaf', '200g instant coffee', 61, 1, '/groceries/ricoffydecaf.jpg', '{"weight":"200g","type":"decaf","cups":"100"}'),
(143, 'Five Roses Earl Grey', '40 tea bags', 59, 1, '/groceries/fiverosesearlgrey.jpg', '{"count":"40","type":"Earl Grey","caffeine":"medium"}'),
(144, 'Ceres Guava Juice', '1L pure juice', 35, 2, '/groceries/ceresguavajuice.jpg', '{"volume":"1L","flavor":"guava","sugar":"no added"}'),
(145, 'Sparletta Cola', '2L bottle', 84, 3, '/groceries/sparlettacola.jpg', '{"volume":"2L","flavor":"cola","sugar":"high"}'),
(146, 'Simba Flings', '150g cheese snacks', 32, 4, '/groceries/simbaflings.jpg', '{"weight":"150g","flavor":"cheese","spiciness":"none"}'),
(147, 'Lays BBQ', '125g chips', 93, 4, '/groceries/laysbbq.jpg', '{"weight":"125g","flavor":"BBQ","spiciness":"mild"}'),
(148, 'Ouma Almond Rusks', '500g pack', 88, 5, '/groceries/oumaalmondrusks.jpg', '{"weight":"500g","flavor":"almond","count":"20"}'),
(149, 'Pronutro Cinnamon', '750g cereal', 48, 6, '/groceries/pronutrocinnamon.jpg', '{"weight":"750g","flavor":"cinnamon","servings":"15"}'),
(150, 'Weet-Bix Gluten Free', '500g cereal', 117, 6, '/groceries/weetbixglutenfree.jpg', '{"weight":"500g","type":"gluten free","servings":"10"}'),
(151, 'Clover Maas', '1L cultured milk', 24, 17, '/groceries/clovermaas.jpg', '{"volume":"1L","type":"cultured","fat":"3%"}'),
(152, 'Sasko Gluten Free Flour', '1kg baking flour', 40, 8, '/groceries/saskoglutenfreeflour.jpg', '{"weight":"1kg","type":"gluten free","protein":"8g"}'),
(153, 'Robertsons Italian Herb Mix', '50g mix', 36, 1, '/groceries/robertsonsitalianherbmix.jpg', '{"weight":"50g","flavor":"Italian herbs","salt":"low"}'),
(154, 'Knorr Onion Soup', '50g sachet', 70, 1, '/groceries/knorronionsoup.jpg', '{"weight":"50g","flavor":"onion","servings":"4"}'),
(155, 'Mrs Balls Hot Chutney', '750g jar', 73, 2, '/groceries/mrsballshotsuce.jpg', '{"weight":"750g","flavor":"hot","spice":"high"}'),
(156, 'Lilys Crunchy Peanut Butter', '400g jar', 129, 2, '/groceries/lilyscrunchypeanutbutter.jpg', '{"weight":"400g","type":"crunchy","peanuts":"100%"}'),
(157, 'Shoprite Low Carb Bread', '800g loaf', 6, 6, '/groceries/shopritelowcarbbread.jpg', '{"weight":"800g","type":"low carb","slices":"18"}'),
(158, 'Pick n Pay Gluten Free Bread', '500g loaf', 7, 6, '/groceries/pnpglutenfreebread.jpg', '{"weight":"500g","type":"gluten free","slices":"12"}'),
(159, 'Checkers Baguette', '300g French bread', 8, 6, '/groceries/checkersbaguette.jpg', '{"weight":"300g","type":"baguette","slices":"20"}');



INSERT INTO requests (requestID, status, requestCode, payload, createdAt, modifiedAt) VALUES
(7, 'pending', 'ADD001', 
  '{"retailerID": 1, "product_name": "Shoprite Whole Wheat Bread", "description": "800g healthy option", "brandID": 6, "categoryID": 6, "price": 19.99, "imageURL": "/groceries/shopritewholewheatbread.jpg"}', 
  '2025-05-27 09:15:00', '2025-05-27 09:15:00'),

(8, 'pending', 'UPD002', 
  '{"retailerID": 2, "product_name": "Pick n Pay Low GI Bread", "description": "700g loaf for diabetic customers", "brandID": 7, "categoryID": 6, "price": 22.50, "imageURL": "/groceries/pnplowgibread.jpg"}', 
  '2025-05-27 10:30:00', '2025-05-27 10:30:00'),

(9, 'completed', 'ADD003', 
  '{"retailerID": 3, "product_name": "Tastic Long Grain Rice", "description": "5kg premium long grain rice", "brandID": 124, "categoryID": 8, "price": 89.99, "imageURL": "/groceries/tasticwildrice.jpg"}', 
  '2025-05-27 11:45:00', '2025-05-27 12:30:00'),

(10, 'pending', 'DEL004', 
  '{"retailerID": 4, "product_name": "KOO Baked Beans", "description": "410g can in tomato sauce", "brandID": 37, "categoryID": 8, "price": 12.99, "imageURL": "/groceries/koobakedbeans.jpg"}', 
  '2025-05-27 13:20:00', '2025-05-27 13:20:00'),

(11, 'completed', 'UPD001', 
  '{"retailerID": 5, "product_name": "All Gold Tomato Sauce", "description": "500g bottle of classic sauce", "brandID": 38, "categoryID": 8, "price": 24.95, "imageURL": "/groceries/allgoldtomatosauce.jpg"}', 
  '2025-05-27 14:10:00', '2025-05-27 15:45:00'),

(12, 'rejected', 'ADD002', 
  '{"retailerID": 6, "product_name": "Lucky Star Pilchards", "description": "400g can in tomato sauce", "brandID": 39, "categoryID": 8, "price": 15.50, "imageURL": "/groceries/luckystartuna.jpg"}', 
  '2025-05-27 16:30:00', '2025-05-27 17:15:00'),

(13, 'pending', 'UPD003', 
  '{"retailerID": 7, "product_name": "Nestl Ricoffy", "description": "500g instant coffee", "brandID": 61, "categoryID": 8, "price": 65.99, "imageURL": "/groceries/ricoffyclassic.jpg"}', 
  '2025-05-28 08:45:00', '2025-05-28 08:45:00'),

(14, 'pending', 'DEL001', 
  '{"retailerID": 8, "product_name": "Five Roses Tea", "description": "100 tea bags of classic black tea", "brandID": 59, "categoryID": 8, "price": 32.99, "imageURL": "/groceries/fiverosestea.jpg"}', 
  '2025-05-28 10:20:00', '2025-05-28 10:20:00'),

(15, 'completed', 'ADD004', 
  '{"retailerID": 9, "product_name": "Ceres 100% Juice", "description": "1L apple juice with no added sugar", "brandID": 35, "categoryID": 8, "price": 29.95, "imageURL": "/groceries/ceresapplejuice.jpg"}', 
  '2025-05-28 11:30:00', '2025-05-28 12:45:00'),

(16, 'pending', 'UPD002', 
  '{"retailerID": 10, "product_name": "Sparletta Cream Soda", "description": "2L bottle of classic cream soda", "brandID": 84, "categoryID": 8, "price": 18.50, "imageURL": "/groceries/sparlettacreamsoda.jpg"}', 
  '2025-05-28 14:15:00', '2025-05-28 14:15:00'),

(17, 'completed', 'DEL003', 
  '{"retailerID": 1, "product_name": "Simba Chips", "description": "150g salted chips", "brandID": 32, "categoryID": 8, "price": 14.99, "imageURL": "/groceries/simbasaltandvinegar.jpg"}', 
  '2025-05-29 09:00:00', '2025-05-29 10:30:00'),

(18, 'rejected', 'ADD001', 
  '{"retailerID": 2, "product_name": "Lays Classic Chips", "description": "125g potato chips", "brandID": 93, "categoryID": 8, "price": 16.50, "imageURL": "/groceries/laysclassic.jpg"}', 
  '2025-05-29 11:45:00', '2025-05-29 12:30:00'),

(19, 'pending', 'UPD004', 
  '{"retailerID": 3, "product_name": "Ouma Rusks", "description": "500g traditional rusks", "brandID": 88, "categoryID": 8, "price": 45.99, "imageURL": "/groceries/oumarusks.jpg"}', 
  '2025-05-29 14:20:00', '2025-05-29 14:20:00'),

(20, 'pending', 'ADD002', 
  '{"retailerID": 4, "product_name": "Pronutro Chocolate", "description": "750g breakfast cereal", "brandID": 48, "categoryID": 8, "price": 85.50, "imageURL": "/groceries/pronutrostrawberry.jpg"}', 
  '2025-05-29 16:00:00', '2025-05-29 16:00:00'),

(21, 'completed', 'UPD003', 
  '{"retailerID": 5, "product_name": "Weet-Bix", "description": "1.5kg whole wheat biscuits", "brandID": 117, "categoryID": 8, "price": 75.99, "imageURL": "/groceries/weetbix.jpg"}', 
  '2025-05-30 08:30:00', '2025-05-30 10:15:00'),

(22, 'pending', 'DEL004', 
  '{"retailerID": 6, "product_name": "Clover Full Cream Milk", "description": "2L fresh milk", "brandID": 24, "categoryID": 7, "price": 32.95, "imageURL": "/groceries/clovermaas.jpg"}', 
  '2025-05-30 11:00:00', '2025-05-30 11:00:00'),

(23, 'completed', 'ADD001', 
  '{"retailerID": 7, "product_name": "Sasko Self-Raising Flour", "description": "2.5kg baking flour", "brandID": 40, "categoryID": 8, "price": 42.50, "imageURL": "/groceries/saskocakeflour.jpg"}', 
  '2025-05-30 13:45:00', '2025-05-30 15:00:00'),

(24, 'rejected', 'UPD002', 
  '{"retailerID": 8, "product_name": "Robertsons Spice Mix", "description": "50g chicken spice", "brandID": 36, "categoryID": 8, "price": 12.99, "imageURL": "/groceries/robertsonsitaliansherbspice.jpg"}', 
  '2025-05-30 16:30:00', '2025-05-30 17:15:00'),

(25, 'pending', 'DEL003', 
  '{"retailerID": 9, "product_name": "Knorr Chicken Stock", "description": "100g cubes", "brandID": 70, "categoryID": 8, "price": 18.50, "imageURL": "/groceries/knorrchickenstock.jpg"}', 
  '2025-05-31 09:15:00', '2025-05-31 09:15:00'),

(26, 'pending', 'ADD004', 
  '{"retailerID": 10, "product_name": "Mrs Balls Chutney", "description": "250g original recipe", "brandID": 73, "categoryID": 8, "price": 28.99, "imageURL": "/groceries/mrsballschutneyorigional.jpg"}', 
  '2025-05-31 11:30:00', '2025-05-31 11:30:00'),

(27, 'completed', 'UPD001', 
  '{"retailerID": 1, "product_name": "Black Cat Peanut Butter", "description": "400g smooth", "brandID": 127, "categoryID": 8, "price": 34.95, "imageURL": "/groceries/blackcatpeanutbutter.jpg"}', 
  '2025-05-31 14:00:00', '2025-05-31 15:30:00'),

(28, 'pending', 'ADD002', 
  '{"retailerID": 2, "product_name": "Albany Sliced Brown Bread", "description": "700g pre-sliced loaf", "brandID": 121, "categoryID": 6, "price": 21.50, "imageURL": "/groceries/checkersglutenfreebreaf.jpg"}', 
  '2025-06-01 08:45:00', '2025-06-01 08:45:00'),

(29, 'completed', 'DEL003', 
  '{"retailerID": 3, "product_name": "Sunbake White Bread", "description": "800g standard loaf", "brandID": 123, "categoryID": 6, "price": 18.99, "imageURL": "/groceries/sunbakewhitebread.jpg"}', 
  '2025-06-01 10:30:00', '2025-06-01 12:00:00'),

(30, 'rejected', 'UPD004', 
  '{"retailerID": 4, "product_name": "Tiger Brands Basmati Rice", "description": "2kg premium basmati", "brandID": 126, "categoryID": 8, "price": 65.50, "imageURL": "/groceries/basmatirice.jpg"}', 
  '2025-06-01 13:45:00', '2025-06-01 14:30:00'),

(31, 'pending', 'ADD001', 
  '{"retailerID": 5, "product_name": "KOO Sweetcorn", "description": "410g can", "brandID": 37, "categoryID": 8, "price": 11.99, "imageURL": "/groceries/koosweetcorn.jpg"}', 
  '2025-06-02 09:00:00', '2025-06-02 09:00:00'),

(32, 'pending', 'UPD002', 
  '{"retailerID": 6, "product_name": "All Gold Mayonnaise", "description": "250g jar", "brandID": 38, "categoryID": 8, "price": 22.50, "imageURL": "/groceries/allgoldmayno.jpg"}', 
  '2025-06-02 11:15:00', '2025-06-02 11:15:00'),

(33, 'completed', 'DEL003', 
  '{"retailerID": 7, "product_name": "Lucky Star Tuna", "description": "170g can in brine", "brandID": 39, "categoryID": 8, "price": 16.99, "imageURL": "/groceries/luckystartuna.jpg"}', 
  '2025-06-02 14:00:00', '2025-06-02 15:30:00'),

(34, 'pending', 'ADD004', 
  '{"retailerID": 8, "product_name": "Frisco Coffee", "description": "250g instant", "brandID": 60, "categoryID": 8, "price": 55.50, "imageURL": "/groceries/friscocoffee.jpg"}', 
  '2025-06-03 08:30:00', '2025-06-03 08:30:00'),

(35, 'completed', 'UPD001', 
  '{"retailerID": 9, "product_name": "Laager Rooibos Tea", "description": "40 tea bags", "brandID": 85, "categoryID": 8, "price": 28.95, "imageURL": "/groceries/laagerrooibos.jpg"}', 
  '2025-06-03 10:45:00', '2025-06-03 12:15:00'),

(36, 'rejected', 'DEL002', 
  '{"retailerID": 10, "product_name": "Ceres Orange Juice", "description": "1L pure juice", "brandID": 35, "categoryID": 8, "price": 31.50, "imageURL": "/groceries/ceresorangejuice.jpg"}', 
  '2025-06-03 13:30:00', '2025-06-03 14:15:00'),

(37, 'pending', 'ADD003', 
  '{"retailerID": 1, "product_name": "Sparletta Sparberry", "description": "2L bottle", "brandID": 84, "categoryID": 8, "price": 19.99, "imageURL": "/groceries/sparlettasparberry.jpg"}', 
  '2025-06-04 09:15:00', '2025-06-04 09:15:00'),

(38, 'pending', 'UPD004', 
  '{"retailerID": 2, "product_name": "Simba Salt & Vinegar", "description": "150g chips", "brandID": 32, "categoryID": 8, "price": 15.50, "imageURL": "/groceries/simbasalt.jpg"}', 
  '2025-06-04 11:30:00', '2025-06-04 11:30:00'),

(39, 'completed', 'DEL001', 
  '{"retailerID": 3, "product_name": "Lays Cheese & Onion", "description": "125g chips", "brandID": 93, "categoryID": 8, "price": 17.99, "imageURL": "/groceries/layscheeseandonion.jpg"}', 
  '2025-06-04 14:00:00', '2025-06-04 15:30:00'),

(40, 'pending', 'ADD002', 
  '{"retailerID": 4, "product_name": "Ouma Buttermilk Rusks", "description": "500g pack", "brandID": 88, "categoryID": 8, "price": 47.50, "imageURL": "/groceries/oumabuttermilkrusks.jpg"}', 
  '2025-06-05 08:45:00', '2025-06-05 08:45:00'),

(41, 'completed', 'UPD003', 
  '{"retailerID": 5, "product_name": "Pronutro Banana", "description": "750g cereal", "brandID": 48, "categoryID": 8, "price": 82.99, "imageURL": "/groceries/pronutrobanana.jpg"}', 
  '2025-06-05 10:30:00', '2025-06-05 12:00:00'),

(42, 'rejected', 'DEL004', 
  '{"retailerID": 6, "product_name": "Weet-Bix Bites", "description": "500g chocolate cereal", "brandID": 117, "categoryID": 8, "price": 45.50, "imageURL": "/groceries/weetbixbites.jpg"}', 
  '2025-06-05 13:45:00', '2025-06-05 14:30:00'),

(43, 'pending', 'ADD001', 
  '{"retailerID": 7, "product_name": "Clover Low Fat Milk", "description": "2L fresh milk", "brandID": 24, "categoryID": 7, "price": 30.95, "imageURL": "/groceries/cloverlowfatmilk.jpg"}', 
  '2025-06-06 09:00:00', '2025-06-06 09:00:00'),

(44, 'pending', 'UPD002', 
  '{"retailerID": 8, "product_name": "Sasko Cake Flour", "description": "1kg baking flour", "brandID": 40, "categoryID": 8, "price": 35.50, "imageURL": "/groceries/saskocakeflour.jpg"}', 
  '2025-06-06 11:15:00', '2025-06-06 11:15:00'),

(45, 'completed', 'DEL003', 
  '{"retailerID": 9, "product_name": "Robertsons Barbecue Spice", "description": "50g mix", "brandID": 36, "categoryID": 8, "price": 14.99, "imageURL": "/groceries/robertsonsbarbecuespice.jpg"}', 
  '2025-06-06 14:00:00', '2025-06-06 15:30:00'),

(46, 'pending', 'ADD004', 
  '{"retailerID": 10, "product_name": "Knorr Beef Stock", "description": "100g cubes", "brandID": 70, "categoryID": 8, "price": 19.50, "imageURL": "/groceries/knorrbeefstock.jpg"}', 
  '2025-06-07 08:30:00', '2025-06-07 08:30:00'),

(47, 'completed', 'UPD001', 
  '{"retailerID": 1, "product_name": "Mrs Balls Peach Chutney", "description": "250g jar", "brandID": 73, "categoryID": 8, "price": 29.95, "imageURL": "/groceries/mrsballspeachchutney.jpg"}', 
  '2025-06-07 10:45:00', '2025-06-07 12:15:00'),

(48, 'rejected', 'DEL002', 
  '{"retailerID": 2, "product_name": "Black Cat Crunchy Peanut Butter", "description": "400g jar", "brandID": 127, "categoryID": 8, "price": 36.50, "imageURL": "/groceries/blackcatcrunchypeanutbutter.jpg"}', 
  '2025-06-07 13:30:00', '2025-06-07 14:15:00'),

(49, 'pending', 'ADD003', 
  '{"retailerID": 3, "product_name": "Shoprite Brown Bread", "description": "800g sliced brown bread", "brandID": 6, "categoryID": 6, "price": 20.99, "imageURL": "/groceries/shopritebrownbread.jpg"}', 
  '2025-06-08 09:15:00', '2025-06-08 09:15:00'),

(50, 'pending', 'UPD004', 
  '{"retailerID": 4, "product_name": "Pick n Pay Low GI Bread", "description": "700g loaf", "brandID": 7, "categoryID": 6, "price": 23.50, "imageURL": "/groceries/pnplowgibread.jpg"}', 
  '2025-06-08 11:30:00', '2025-06-08 11:30:00'),

(51, 'completed', 'DEL001', 
  '{"retailerID": 5, "product_name": "Checkers White Bread", "description": "750g standard loaf", "brandID": 8, "categoryID": 6, "price": 19.99, "imageURL": "/groceries/checkerswhitebread.jpg"}', 
  '2025-06-08 14:00:00', '2025-06-08 15:30:00'),

(52, 'pending', 'ADD002', 
  '{"retailerID": 6, "product_name": "Woolworths Sourdough", "description": "600g artisan loaf", "brandID": 9, "categoryID": 6, "price": 32.50, "imageURL": "/groceries/woolworthssourdough.jpg"}', 
  '2025-06-09 08:45:00', '2025-06-09 08:45:00'),

(53, 'completed', 'UPD003', 
  '{"retailerID": 7, "product_name": "Spar Whole Wheat Bread", "description": "800g healthy loaf", "brandID": 10, "categoryID": 6, "price": 24.99, "imageURL": "/groceries/sparwholewheatbread.jpg"}', 
  '2025-06-09 10:30:00', '2025-06-09 12:00:00'),

(54, 'rejected', 'DEL004', 
  '{"retailerID": 8, "product_name": "Tastic Brown Rice", "description": "2kg healthy option", "brandID": 124, "categoryID": 8, "price": 75.50, "imageURL": "/groceries/tasticbrownrice.jpg"}', 
  '2025-06-09 13:45:00', '2025-06-09 14:30:00'),

(55, 'pending', 'ADD001', 
  '{"retailerID": 9, "product_name": "Spekko Calrose Rice", "description": "5kg medium grain", "brandID": 125, "categoryID": 8, "price": 95.99, "imageURL": "/groceries/spekkocalroserice.jpg"}', 
  '2025-06-10 09:00:00', '2025-06-10 09:00:00'),

(56, 'pending', 'UPD002', 
  '{"retailerID": 10, "product_name": "KOO Chakalaka", "description": "410g spicy vegetable mix", "brandID": 37, "categoryID": 8, "price": 14.50, "imageURL": "/groceries/koochakalaka.jpg"}', 
  '2025-06-10 11:15:00', '2025-06-10 11:15:00');


  INSERT INTO prices (retailerID, productID, prices) VALUES
-- Electronics (Highest at Woolworths, competitive at Checkers)
(1, 1, 12999.99), (2, 1, 11999.99), (3, 1, 11499.99), (4, 1, 12499.99),  -- Smartphone X1
(1, 6, 2499.99), (2, 6, 2299.99), (3, 6, 2199.99), (4, 6, 2399.99),       -- Noise-Cancel Headset
(1, 8, 3499.99), (2, 8, 3299.99), (3, 8, 3199.99), (4, 8, 3399.99),       -- E-Reader Pro

-- Clothing (Woolworths premium, Checkers value)
(1, 2, 599.99), (2, 2, 549.99), (3, 2, 499.99), (4, 2, 579.99),           -- Designer T-Shirt
(1, 7, 899.99), (2, 7, 799.99), (3, 7, 749.99), (4, 7, 849.99),           -- Jeans Slim Fit

-- Home & Tools (Spar often competitive on home goods)
(1, 3, 349.99), (2, 3, 299.99), (3, 3, 279.99), (4, 3, 329.99),           -- Hardcover Journal
(1, 4, 1899.99), (2, 4, 1799.99), (3, 4, 1699.99), (4, 4, 1849.99),       -- Cordless Drill
(1, 9, 799.99), (2, 9, 749.99), (3, 9, 699.99), (4, 9, 779.99),           -- Multi-Tool Kit
(1, 10, 1299.99), (2, 10, 1199.99), (3, 10, 1099.99), (4, 10, 1249.99),   -- Ceramic Knife Set
(1, 5, 399.99), (2, 5, 349.99), (3, 5, 329.99), (4, 5, 379.99),           -- Non-Stick Pan

-- Breads (Retailer brands cheapest at their own stores)
(1, 14, 26.99), (2, 14, 28.99), (3, 14, 27.99), (4, 14, 25.99),          -- Woolworths Seed Bread
(1, 12, 22.99), (2, 12, 19.99), (3, 12, 21.99), (4, 12, 23.99),          -- Pick n Pay Brown Bread
(1, 13, 23.99), (2, 13, 21.99), (3, 13, 18.99), (4, 13, 22.99),          -- Checkers Rye Bread
(1, 11, 21.99), (2, 11, 18.99), (3, 11, 19.99), (4, 11, 20.99),          -- Shoprite White Bread
(1, 15, 24.99), (2, 15, 22.99), (3, 15, 23.99), (4, 15, 21.99),          -- Spar Low GI Bread

-- Rice & Grains (Checkers often has best prices)
(1, 16, 69.99), (2, 16, 59.99), (3, 16, 54.99), (4, 16, 62.99),          -- Tastic Long Grain Rice
(1, 17, 79.99), (2, 17, 69.99), (3, 17, 64.99), (4, 17, 72.99),          -- Spekko Royal Umbrella
(1, 38, 89.99), (2, 38, 79.99), (3, 38, 74.99), (4, 38, 84.99),          -- Tiger Brands Basmati

-- Canned Goods (Shoprite brands cheapest at Checkers)
(1, 18, 16.99), (2, 18, 14.99), (3, 18, 12.99), (4, 18, 15.49),          -- KOO Baked Beans
(1, 20, 19.99), (2, 20, 17.99), (3, 20, 15.99), (4, 20, 18.49),          -- Lucky Star Pilchards
(1, 39, 15.99), (2, 39, 13.99), (3, 39, 11.99), (4, 39, 14.49),          -- KOO Sweetcorn

-- Sauces & Condiments (Small variations)
(1, 19, 26.99), (2, 19, 24.99), (3, 19, 22.99), (4, 19, 25.49),          -- All Gold Tomato Sauce
(1, 34, 32.99), (2, 34, 29.99), (3, 34, 27.99), (4, 34, 31.49),          -- Mrs Balls Chutney
(1, 40, 28.99), (2, 40, 26.99), (3, 40, 24.99), (4, 40, 27.49),          -- All Gold Mayonnaise

-- Beverages (Woolworths premium)
(1, 21, 99.99), (2, 21, 89.99), (3, 21, 85.99), (4, 21, 92.99),          -- Nestl Ricoffy
(1, 22, 45.99), (2, 22, 39.99), (3, 22, 37.99), (4, 22, 42.99),          -- Five Roses Tea
(1, 23, 34.99), (2, 23, 29.99), (3, 23, 27.99), (4, 23, 32.49),          -- Ceres 100% Juice

-- Snacks (Checkers often has promotions)
(1, 25, 21.99), (2, 25, 19.99), (3, 25, 17.99), (4, 25, 20.49),          -- Simba Chips
(1, 26, 23.99), (2, 26, 21.99), (3, 26, 19.99), (4, 26, 22.49),          -- Lays Classic Chips
(1, 27, 45.99), (2, 27, 39.99), (3, 27, 37.99), (4, 27, 42.99),          -- Ouma Rusks

-- Breakfast & Cereals
(1, 28, 59.99), (2, 28, 54.99), (3, 28, 49.99), (4, 28, 57.99),          -- Pronutro Chocolate
(1, 29, 65.99), (2, 29, 59.99), (3, 29, 55.99), (4, 29, 63.99),          -- Weet-Bix
(1, 35, 38.99), (2, 35, 34.99), (3, 35, 32.99), (4, 35, 36.99),          -- Black Cat Peanut Butter

-- Dairy (Small variations)
(1, 30, 32.99), (2, 30, 29.99), (3, 30, 28.99), (4, 30, 31.49),          -- Clover Full Cream Milk (2L)
(1, 51, 34.99), (2, 51, 31.99), (3, 51, 30.99), (4, 51, 33.49),          -- Clover Low Fat Milk (2L)
(1, 76, 39.99), (2, 76, 36.99), (3, 76, 35.99), (4, 76, 38.49),          -- Clover Lactose Free Milk

-- Baking & Cooking
(1, 31, 29.99), (2, 31, 26.99), (3, 31, 24.99), (4, 31, 28.49),          -- Sasko Self-Raising Flour
(1, 32, 18.99), (2, 32, 16.99), (3, 32, 14.99), (4, 32, 17.49),          -- Robertsons Spice Mix
(1, 33, 14.99), (2, 33, 12.99), (3, 33, 11.99), (4, 33, 13.49),          -- Knorr Chicken Stock

-- Additional popular items
(1, 24, 19.99), (2, 24, 17.99), (3, 24, 16.99), (4, 24, 18.49),          -- Sparletta Cream Soda
(1, 36, 24.99), (2, 36, 22.99), (3, 36, 21.99), (4, 36, 23.49),          -- Albany Sliced Brown Bread
(1, 41, 22.99), (2, 41, 19.99), (3, 41, 18.99), (4, 41, 21.49),          -- Lucky Star Tuna
(1, 42, 79.99), (2, 42, 74.99), (3, 42, 69.99), (4, 42, 77.99),          -- Frisco Coffee
(1, 43, 42.99), (2, 43, 39.99), (3, 43, 37.99), (4, 43, 41.49),          -- Laager Rooibos Tea
(1, 44, 32.99), (2, 44, 29.99), (3, 44, 27.99), (4, 44, 31.49),          -- Ceres Orange Juice
(1, 45, 18.99), (2, 45, 16.99), (3, 45, 15.99), (4, 45, 17.49),          -- Sparletta Sparberry

-- Remaining products follow similar patterns with appropriate category pricing
(1, 37, 22.99), (2, 37, 19.99), (3, 37, 18.99), (4, 37, 21.49),          -- Sunbake White Bread
(1, 46, 21.99), (2, 46, 19.99), (3, 46, 17.99), (4, 46, 20.49),          -- Simba Salt & Vinegar
(1, 47, 23.99), (2, 47, 21.99), (3, 47, 19.99), (4, 47, 22.49),          -- Lays Cheese & Onion
(1, 48, 45.99), (2, 48, 39.99), (3, 48, 37.99), (4, 48, 42.99),          -- Ouma Buttermilk Rusks
(1, 49, 59.99), (2, 49, 54.99), (3, 49, 49.99), (4, 49, 57.99),          -- Pronutro Banana
(1, 50, 65.99), (2, 50, 59.99), (3, 50, 55.99), (4, 50, 63.99),          -- Weet-Bix Bites
(1, 52, 31.99), (2, 52, 28.99), (3, 52, 26.99), (4, 52, 30.49),          -- Sasko Cake Flour
(1, 53, 19.99), (2, 53, 17.99), (3, 53, 15.99), (4, 53, 18.49),          -- Robertsons Barbecue Spice
(1, 54, 14.99), (2, 54, 12.99), (3, 54, 11.99), (4, 54, 13.49);          -- Knorr Beef Stock